,fval,BRAF_0,CBL_0,CRAF_0,DUSP_eq,EGFR_eq,ERK_0,GRB2_0,MEK_0,RAS_0,SOS1_0,SPRY_eq,bind_AZ_628_RAF_dG,bind_AZ_628_RAF_kf,bind_AZ_628_RAF_phi,bind_Binimetinib_MEK_dG,bind_Binimetinib_MEK_kf,bind_Binimetinib_MEK_phi,bind_CBL_GRB2_dG,bind_CBL_GRB2_kf,bind_CBL_GRB2_phi,bind_Cobimetinib_MEK_dG,bind_Cobimetinib_MEK_kf,bind_Cobimetinib_MEK_phi,bind_DUSP_pERK_dG,bind_DUSP_pERK_kf,bind_DUSP_pERK_phi,bind_Dabrafenib_RAF_dG,bind_Dabrafenib_RAF_kf,bind_Dabrafenib_RAF_phi,bind_EGFR_EGFR_dG,bind_EGFR_EGFR_kf,bind_EGFR_EGFR_phi,bind_EGF_EGFR_dG,bind_EGF_EGFR_kf,bind_EGF_EGFR_phi,bind_GRB2_SOS1_dG,bind_GRB2_SOS1_kf,bind_GRB2_SOS1_phi,bind_LY3009120_RAF_dG,bind_LY3009120_RAF_kf,bind_LY3009120_RAF_phi,bind_MEK_uERK_dG,bind_MEK_uERK_kf,bind_MEK_uERK_phi,bind_PD0325901_MEK_dG,bind_PD0325901_MEK_kf,bind_PD0325901_MEK_phi,bind_PLX8394_RAF_dG,bind_PLX8394_RAF_kf,bind_PLX8394_RAF_phi,bind_RAF_RAF_dG,bind_RAF_RAF_kf,bind_RAF_RAF_phi,bind_RAF_uMEK_dG,bind_RAF_uMEK_kf,bind_RAF_uMEK_phi,bind_RASgtp_RAF_dG,bind_RASgtp_RAF_kf,bind_RASgtp_RAF_phi,bind_SOS1_RAS_dG,bind_SOS1_RAS_kf,bind_SPRY_GRB2_dG,bind_SPRY_GRB2_kf,bind_SPRY_GRB2_phi,bind_Selumetinib_MEK_dG,bind_Selumetinib_MEK_kf,bind_Selumetinib_MEK_phi,bind_Trametinib_MEK_dG,bind_Trametinib_MEK_kf,bind_Trametinib_MEK_phi,bind_Vemurafenib_RAF_dG,bind_Vemurafenib_RAF_kf,bind_Vemurafenib_RAF_phi,bind_pEGFR_GRB2_dG,bind_pEGFR_GRB2_kf,bind_pEGFR_GRB2_phi,catalyze_CBL_EGFR_ub_kcat,catalyze_DUSP_ERK_u_kcatr,catalyze_EGFR_EGFR_p_kcat,catalyze_EGFR_deg_kM,catalyze_EGFR_deg_kcat,catalyze_EGFR_dub_kcatr,catalyze_EGFR_endo_kcat,catalyze_EGFR_recycl_kcat,catalyze_EGFR_u_kcatr,catalyze_MEKmekiNone_phosphop_ERK_p_kcat,catalyze_NF1_RAS_gdp_kcatr,catalyze_PP2A_MEK_u_kcatr,catalyze_RAF_RAFrafiNone_MEK_p_kcat,catalyze_RAFrafiNone_MEKmekiNone_p_kcat,catalyze_RAFrafiNone_MEKmeki_Binimetinib_p_kcatr,catalyze_RAFrafiNone_MEKmeki_Cobimetinib_p_kcatr,catalyze_RAFrafiNone_MEKmeki_PD0325901_p_kcatr,catalyze_RAFrafiNone_MEKmeki_Selumetinib_p_kcatr,catalyze_RAFrafiNone_MEKmeki_Trametinib_p_kcatr,catalyze_SOS1_RAS_gtp_kcat,catalyze_pERK_BRAF_pT753_kcat,catalyze_pERK_CRAF_pS642_kcat,catalyze_pERK_SOS1_pS1134_kbase,catalyze_pERK_SOS1_pS1134_kcat,catalyze_phosphatase_BRAF_uT753_kcatr,catalyze_phosphatase_CRAF_uS642_kcatr,catalyze_phosphatase_SOS1_uS1134_kcatr,ep_EGFR_EGFR_mod_EGF_single_ddG,ep_RAF_RAF_mod_Dabrafenib_double_ddG,ep_RAF_RAF_mod_Dabrafenib_single_ddG,ep_RAF_RAF_mod_PLX8394_double_ddG,ep_RAF_RAF_mod_PLX8394_single_ddG,ep_RAF_RAF_mod_RASgtp_double_ddG,ep_RAF_RAF_mod_Vemurafenib_double_ddG,ep_RAF_RAF_mod_Vemurafenib_single_ddG,ep_RAF_RAF_mod_pRAF_ddG,ep_RAF_RAS_mod_pRAF_ddG,ep_SOS1S1134p_GRB2_ddG,ep_pMEK_Binimetinib_ddG,ep_pMEK_Cobimetinib_ddG,ep_pMEK_PD0325901_ddG,ep_pMEK_Selumetinib_ddG,ep_pMEK_Trametinib_ddG,mDUSP_eq,mEGFR_eq,mSPRY_eq,msynthesize_pERK_DUSP_kdeg,msynthesize_pERK_EGFR_kdeg,msynthesize_pERK_SPRY_kdeg,pERK_IF_offset,pERK_IF_scale,pMEK_IF_offset,pMEK_IF_scale,psynthesize_pERK_DUSP_kdeg,psynthesize_pERK_EGFR_kdeg,psynthesize_pERK_SPRY_kdeg,synthesize_pERK_DUSP_ERK_gexpslope,synthesize_pERK_DUSP_ERK_kM,synthesize_pERK_EGFR_ERK_gexpslope,synthesize_pERK_EGFR_ERK_kM,synthesize_pERK_SPRY_ERK_gexpslope,synthesize_pERK_SPRY_ERK_kM
0,-469.9858875,1116.086399,16903.4669,13103.6485,7352.359037,9001.299742,137676.373,47331.60236,136106.2195,102196.4789,6469.710294,12329.98165,-3.599522759,0.01002786772,0,-4.128101723,134.0143894,0,-2.755102122,6745988.451,0,-4.636543034,1064.378421,0,-14.14536187,607209.1273,0,-6.428215786,1062.574414,0,-3.668939295,182112.6738,0,-7.666702427,2479887.471,0,-5.308794245,30385.86557,0,-5.270134594,0.01000795766,0,-1.439294887,24232.18371,0,-5.694858971,731.9884873,0,-5.352446464,9999.379507,0,3.761409035,251.7095307,0,-4.524902168,1168.021645,0,-3.981445717,58472.33648,0,-5.438518112,374481.4397,-6.172516125,4995.107503,0,-4.548299371,8719.074983,0,-5.09923612,1.2403309,0,-3.83427708,1.443137368,0,-4.689711271,39410.06295,0,31018.87449,0.007278929156,72500.58119,0.5548454418,280.291665,0.001804683427,3047.221651,1386.339544,0.0003537458647,23078.75093,0.002066842312,0.006133115358,11702.95775,422.1008666,0.1463931771,0.006221327762,0.07765770794,0.1353681,8.33E-06,19256.02618,70.08648221,16476.18808,5.366631623,1145.97751,0.002983929351,0.001195960735,0.04876084113,-6.479352379,7.132902031,-10.8403706,11.51215821,0,-22.99430706,10.57110215,-10.73660459,5.257714537,-0.748325677,4.71192493,3.880554001,1.643449189,4.033181478,3.791908217,5.480331373,264.3976387,18.48804947,14.92837669,1.279092239,0.2702043631,1.386238373,0.0810482306,1.90056267,0.09696164123,51.61451033,0.3162473674,0.2018498015,0.3043277166,27.8565738,0.2505241911,3.098266577,0.05031593189,1457.524216,1.132478962
1,-401.9107581,1134.747959,15410.43718,12151.01345,2772.531174,13388.72823,178647.91,66829.82717,102936.171,112508.4268,6512.7877,5612.533807,-4.050987767,0.01000025276,0,-4.051424035,72.63210378,0,-7.825197204,8437198.571,0,-5.458070737,264.2160127,0,-7.637854316,540722.905,0,-6.892268624,645.3264628,0,-8.930703956,2319187.158,0,-9.181272274,6314153.496,0,-6.719287967,12182.29742,0,-5.652032396,0.01152310935,0,-5.863130487,510230.4335,0,-6.018355408,146.8250229,0,-5.649175251,245.03073,0,3.297864762,578.8403955,0,-2.862579285,136.3946706,0,-7.406731564,214153.9448,0,-4.179564649,2017623.55,-5.540491156,153.305053,0,-3.792427433,35.98369416,0,-6.56516506,18.58248382,0,-3.803311549,1.684383299,0,-3.659822121,4680.369441,0,1400.055452,0.1219147972,46331.91418,0.08854936687,865.3736352,0.0002367724903,1031.980905,442.8886879,0.001282508346,5942.348941,0.006179937756,0.003371335375,1963.162563,840.6736107,0.004360077027,4.72E-06,0.003549687473,0.003785997977,1.00E-06,7349.163746,2920.15193,13.77037552,2.065333141,770.9213105,0.005259544473,0.01161585902,0.06119088504,-9.741914415,11.51291261,-7.935002738,11.50957519,0,-23.02528768,6.655871035,-9.561626063,5.779874266,2.281994331,8.624611626,3.083296236,1.834081878,3.685496032,3.65115164,4.07979419,101.1110025,28.6937681,8.760060619,0.9389347686,0.6108348882,1.384191658,0.08402731619,2.226311145,0.09999970016,26.47547222,0.5785866605,0.3535682666,0.09027383687,104.073704,1.247080246,137.5853612,7.768597367,20742.96793,3.37211084
2,-338.2908192,1126.306318,16809.01594,15093.26606,2419.199977,13938.22582,178234.9732,44056.79521,105780.0011,274180.7092,5869.231992,22587.42122,-4.077205468,17.56649022,0,-3.600461684,505.96637,0,-3.685489835,6315390.234,0,-4.266830167,1.010079906,0,-10.91075757,596954.8704,0,-6.862178655,1129.148341,0,-5.774967415,62218.76977,0,-9.002929119,9236775.21,0,-5.49060696,500616.0522,0,-5.678799984,0.01079056487,0,-6.686482257,806191.9817,0,-5.260850617,123.9761307,0,-5.849186434,2279.487969,0,4.058472487,250.1089415,0,-4.22119299,658.0051973,0,-6.680486822,113644.205,0,-6.426734031,197438.8683,-5.222875152,3481.997426,0,-3.233377524,95.54637399,0,-6.166245929,18.44641796,0,-4.060908535,335.5225972,0,-4.18993014,881386.3886,0,29504.74489,0.07073987763,83759.86475,1.096217296,22.44384108,0.009407608383,3692.376447,789.1493085,0.0001200372056,6902.417284,0.0262536757,0.001643397996,29378.68279,3215.04886,0.0008141351622,4.06E-05,0.003089260702,0.002869988839,0.001983462039,2506.208248,711.7265359,378.4508623,0.134565217,116.5530808,0.0190557635,0.03009149692,0.04395248867,-9.338332032,11.27742485,-5.25325625,11.50151078,0,-22.70348223,2.132392723,-7.646984475,5.723705874,2.206984428,3.306110019,2.534701642,4.150062254,3.266008229,3.059893403,3.629909683,81.18401756,29.25458269,22.48470913,0.7307962363,0.6471688793,1.386427415,0.08718761297,2.24576088,0.09999981972,39.44846766,0.4325454926,0.146184887,0.1297483977,97.87008837,0.7986953382,6.935945626,0.03093131817,6076.220429,3.816638293
3,-320.2731642,1144.237082,16473.08995,12015.17577,5836.853525,25353.88391,187996.9296,54553.87564,113060.7753,340664.176,5747.369805,29136.19147,-4.070858655,0.0100003607,0,-3.550098784,82.90385466,0,-3.692864151,742.5908043,0,-4.481066366,0.7714869963,0,-15.26418023,280264.0597,0,-7.021462015,775.760475,0,-4.491158849,71011.19955,0,-8.720937303,9529357.757,0,-8.324394247,4891.307505,0,-5.680909352,0.01303457235,0,-6.179039683,391255.927,0,-5.320171081,187.7327736,0,-5.704464756,71.00499787,0,3.112350943,242.6943683,0,-4.208280465,99.97582415,0,-9.197660572,272635.6271,0,-7.891070689,95173.14042,-5.337579837,117.2893049,0,-3.190005355,37.06427455,0,-6.332105976,11.08370105,0,-3.857066606,2.983908682,0,-3.130727391,5951622.69,0,9882.632407,0.08239544097,19091.30711,0.005731766751,93.27267559,0.003152594206,235.9256382,345.9266918,0.0006438690684,8684.146961,0.0210736026,0.001200622767,4990.360107,154.6374669,0.0006663189953,0.0009645848132,0.004599508014,0.002220275708,0.007427753109,2071.525045,21938.84428,11.04386829,3.406793606,399.890053,0.005268136225,0.0084884387,0.07314755642,-10.147027,11.3958489,-7.41257219,11.49199591,0,-22.99963248,7.002679842,-8.892060487,4.968619188,4.392704735,8.796140417,2.674833563,4.969382508,3.017466972,3.14518701,4.283803506,189.3756,57.71691092,38.80749174,1.227463889,0.5426230402,1.355890054,0.07643871661,2.66567774,0.09988490049,34.83338576,0.4595974392,0.1311681002,0.03912212593,128.8859109,1.653238136,7.309635933,0.1946379659,5473.025324,1.50047297
4,-319.2407876,1218.129271,15566.11321,6773.190303,2683.75244,31763.76591,144304.115,70093.24549,116546.1688,131325.2338,5526.03584,56394.67387,-4.37904448,1.612545891,0,-4.343381575,47.94489763,0,-8.899095462,272756.1671,0,-6.182728184,612.0398211,0,-8.009001767,197793.7346,0,-7.1538401,651.6100017,0,-2.051223688,5078337.553,0,-6.414211959,1070486.198,0,-6.339156114,3345.908285,0,-5.990979748,0.01101887764,0,-6.611367365,1340303.761,0,-6.490953591,103.7169339,0,-5.837775221,30.81139394,0,-0.5286760914,8474.421036,0,-2.365322294,74.80462513,0,-6.166131574,252665.3298,0,-2.446979373,170869.1717,-7.968459436,22.28431452,0,-4.15463205,21.2722554,0,-6.94396087,138.2022312,0,-4.090939462,5.919100961,0,-6.334830642,4304354.768,0,1631.216294,0.09670139645,26792.53639,0.0154135256,441.5724248,0.0006239335792,96.35019987,10.79086037,0.000103917458,3558.356162,0.008740248054,0.001744022115,2062.819986,171.5148133,0.007169030506,1.17E-06,0.007239038511,0.006810062766,1.83E-06,10248.5093,117.2038039,11.25767126,0.3296266118,260.635048,0.0001903174308,0.0275066324,0.0631997492,-7.088098819,10.63209128,-5.831567883,11.21522579,0,-23.00756904,6.180548246,-7.534442626,5.303048382,1.521077781,3.713016166,3.407242079,2.298332132,4.262812551,4.05319824,2.685397044,81.78667251,64.07324436,112.2655375,1.379906393,1.025466375,1.776355668,0.08377766278,2.253692422,0.0999990327,25.8326015,1.338367935,0.2430779144,0.07099890826,379.710726,5.299831332,20.03121263,0.6953684115,985.9006678,1.037800361
5,-302.4277772,1132.411796,16610.60884,14351.35186,6098.10047,34029.90477,165524.9623,24821.31282,96133.14074,277484.1571,6225.287716,10076.59572,-3.898207507,30.7176368,0,-4.161977068,86.77326,0,-5.860926871,5952.027819,0,-5.572979089,687.3713324,0,-10.0042027,247863.3676,0,-6.644133707,9631.359226,0,-7.373281401,5666123.23,0,-9.015574951,7103474.375,0,-5.595855367,10490.97483,0,-5.524058435,0.01466943829,0,-8.203277165,296823.066,0,-6.238202936,191.7293096,0,-5.3575933,9962.729223,0,4.750831196,108.3142829,0,-3.594222707,2255.904336,0,-3.431863518,175307.1116,0,-4.473313827,41604.63255,-7.504424483,77.81975754,0,-4.178111897,31.2519144,0,-6.613134777,210.7446914,0,-3.669654495,1.624184389,0,-8.654589227,1427863.091,0,10.17462971,0.1163964338,49339.39861,0.003015165956,59.36397523,0.001094454248,67772.95779,937.6699423,0.0001002219851,7840.973283,0.04308401212,0.004436629344,11793.71268,225.0993363,0.1353605313,0.01385854308,0.1005856843,0.133047399,3.40E-05,991.66822,14.79712747,2218.250115,5.200377279,445.4853252,0.01558379457,0.001253850427,0.0518230677,-11.26481992,5.156137853,-9.825802789,11.50639097,0,-20.51334989,7.367010442,-9.821841248,3.976860626,-3.290458091,8.993135749,3.607880346,2.328557803,4.43725894,4.534418889,3.323773969,270.1144084,37.26218145,10.62683036,0.8073139794,0.7252188573,1.700608187,0.07035305736,3.495984289,0.09969658923,34.46351091,0.1793185866,0.2959165753,0.7873943897,140.770825,0.9917728308,3.357705706,0.06358849687,1662.570897,1.494082261
6,-279.9719043,1219.978646,16704.21364,18785.65433,1592.794791,24424.22261,91445.18308,53904.26344,145394.467,333611.4039,6168.392726,45753.88183,-4.308939171,8.2141969,0,-3.612918126,55.42307633,0,-5.348470349,8557.336683,0,-5.150135816,369.7437089,0,-15.6820977,2510636.861,0,-7.172952565,4331.20666,0,-8.884722692,2353611.424,0,-0.7021196299,5901628.138,0,-8.767726562,335.2226417,0,-5.951078793,0.01000645265,0,-6.787007606,315692.9878,0,-6.087772785,9229.057437,0,-5.916195173,1353.021127,0,1.542078674,2616.175845,0,-3.311053282,626.9136978,0,-7.666333479,1539883.639,0,-6.566266599,89301.28565,-6.868396843,223.5556616,0,-3.905524809,1009.542508,0,-6.292884552,76.92367193,0,-3.997147044,7.813741472,0,-3.595509975,4620723.162,0,30757.09481,0.1641534236,84664.56562,0.01291242307,144.2178859,0.0005154155128,9926.239896,883.4157873,0.0003495769595,7013.324954,0.006037693453,0.001442651242,1297.86753,5501.60184,0.001464834804,2.67E-05,0.0005070268173,0.0003671612938,7.51E-05,6781.342048,26.45816934,26.00725304,0.02004039084,10.97167187,0.0003117060665,0.007487588756,0.0284888124,-11.19092801,11.23800021,-6.593586969,11.06583065,0,-22.63806468,6.099484079,-8.49347529,5.870492456,2.129596746,7.817735222,2.783870117,1.559487639,2.242316718,2.345520433,2.607667578,62.42906151,59.03021274,62.86296943,2.250621676,0.5808822668,1.642655832,0.0833041393,2.101350594,0.09996541161,2.410925166,2.730438128,0.1407519132,0.05000260091,381.2655745,3.448645533,408.5922196,8.422997581,5839.830033,1.79245668
7,-251.3416018,1109.783803,16760.66096,15624.55626,4811.631996,3952.086666,128560.0661,48354.58364,136885.4935,196801.329,6515.178232,12653.65747,-3.579481033,0.01000093625,0,-4.743960107,9985.175797,0,-8.714959889,14122.04025,0,-4.47059427,1.181763526,0,-15.70216354,353401.8415,0,-6.434388198,1525.439932,0,-7.724035209,5672532.338,0,-8.812914021,8860077.544,0,-6.58895168,7266.508539,0,-5.263567428,0.01000213906,0,-0.8457485628,43256.8529,0,-6.881696865,9989.023287,0,-2.738078349,2124.701494,0,-4.562818146,2.081125486,0,-4.114895472,51.99918393,0,-3.115828758,12821.66985,0,-2.730052886,58867.87905,-8.870146276,21.50126633,0,-4.719781709,9823.228735,0,-5.956912482,35.91786642,0,-4.274359778,1240.429211,0,-3.38565429,103932.7083,0,4630.967622,0.009678433076,1100.472415,0.0242150239,171.4494409,0.0001038368538,2013.357962,5047.488584,0.000123475362,93786.48,0.008583380695,1.37E-05,79554.21384,11.67801145,0.1899343052,0.01393694288,0.09649225399,0.1983634671,0.004864421612,24094.66798,66507.24508,21410.16945,0.4928546032,450.3471334,0.0002170608566,0.1610235108,0.04997213655,-10.27491956,11.51007672,-6.117073143,9.052282799,0,-12.13676024,0.8884773552,-4.126318486,8.956204608,7.084739476,6.889322107,3.016396132,2.52171568,4.089565052,3.530605423,2.488527187,165.6111476,8.707810305,16.80894842,1.908913836,0.1212905271,1.356456127,0.09934702013,1.97800052,0.09999289767,21.45316953,1.055753344,0.2342140005,0.5919170825,239.0146008,3.66709739,123.6204312,5.52649016,1786.166088,2.678159999
8,-200.187399,1163.371499,16389.46798,14461.57276,2623.433517,17621.6645,110460.5171,52458.21081,125776.6848,370573.2211,6298.857393,22963.50001,-4.204868264,0.01000555494,0,-3.954957649,80.32966929,0,-7.957610512,8106196.077,0,-4.618271434,1.355855969,0,-11.81884295,892183.0213,0,-7.153801011,620.4475843,0,-3.752375096,2736830.865,0,-7.453667835,7850377.61,0,-8.735334166,19641.53586,0,-5.812987522,0.01641687991,0,-3.390823543,1258591.017,0,-5.652656356,183.8683245,0,-5.670406944,25.97714362,0,3.077811705,109.7740369,0,-4.778815352,46.61116356,0,-7.495141579,513176.9275,0,-4.703637896,53628.03477,-8.26818231,9.656186518,0,-3.389163528,26.7868506,0,-6.22586669,420.6017247,0,-3.994425517,15.02444571,0,-2.262195368,825420.9676,0,10723.89294,0.02256056,74275.06334,0.06177602343,46.38810098,0.0003569168206,1684.577212,11.4715015,0.009095979096,60118.07544,0.01964785165,0.002461791121,1652.66675,58.71317851,0.004830817965,0.008149104658,0.01000928125,0.005479299334,1.09E-05,1820.55007,11387.71647,364.9545827,6.380682973,942.8795956,0.0004728074164,0.005068017623,0.05866628549,-8.819720403,9.569424049,-7.668133642,11.50419228,0,-21.92840571,1.751580771,-9.293807147,4.65719134,1.733371618,8.814140787,2.704431684,3.705123113,2.981753657,2.99648629,0.8886117666,84.59567244,39.18266222,28.58575604,1.032101418,0.5729706023,1.465579131,0.07460526068,2.051708827,0.08288534454,55.78943265,0.7406035813,0.21518949,0.05656134536,177.8763762,1.470467595,85.72895062,2.520209718,27077.00292,6.240104656
9,-195.0830354,1190.262429,16741.00529,7990.305759,2038.195783,20794.93767,180634.7941,38281.70727,117704.721,166614.6976,7509.375973,7979.789844,-4.062822954,0.01000189213,0,-3.252000878,74.31476603,0,-7.821142049,132354.7339,0,-4.073515473,2.839277987,0,-15.94256203,107286.893,0,-6.865754255,1343.676375,0,-6.969804485,8391317.191,0,-4.628869885,1175045.172,0,-3.909666978,18464.08698,0,-5.696965653,0.01000530432,0,-9.364034831,76081.33725,0,-5.182431149,165.5009818,0,-5.679617055,83.90297959,0,0.4068063214,2300.800381,0,-4.383847593,153.4209856,0,-4.257434065,3559.074086,0,-7.468516007,57170.64505,-8.115442253,1.224200444,0,-2.788815903,23.22157244,0,-6.167459517,146.2632921,0,-3.821636805,3.939164539,0,-9.180917912,26740.99673,0,7043.370598,0.07161279733,21806.11892,0.03382818447,971.0662789,0.02446081618,7530.048043,15.81092247,0.003455709653,5790.126232,0.008928155153,0.004276448211,1969.402989,249.5126115,0.002832149273,2.21E-06,0.007525012794,0.003482424862,0.009319822364,4083.592766,11.3618205,2955.907986,0.1603539035,5224.139196,0.0001057369347,0.04772716884,0.04358135047,-11.31400502,11.50942266,-8.680513806,11.5104236,0,-22.50043948,9.936182682,-8.07527239,5.33330091,-3.010106426,5.870467143,2.448101326,2.685534035,3.017191405,2.862392734,2.071082978,61.39902847,39.92488784,9.742883439,1.401798248,0.3884755422,1.657334313,0.06396049227,4.67238891,0.09996858971,29.88894881,1.32141326,0.1147404782,0.1325143982,49.61130804,0.2478111269,4.846934713,0.04123444724,6452.904532,0.7147191708
10,-181.6683696,1179.450999,16982.25604,14294.46874,2395.074227,18345.71518,83419.01658,49917.07071,143868.3167,347193.8228,6041.499143,13609.51373,-4.450632634,0.01001318025,0,-3.737585773,57.12785427,0,-4.199689497,100.6313362,0,-5.259319496,412.2597258,0,-14.26516258,556468.0795,0,-7.305006836,2839.908871,0,-9.027184727,1537651.451,0,-8.337654998,5865615.183,0,-5.947740928,80086.86598,0,-6.074456849,0.01462990125,0,-6.66102914,513190.2433,0,-5.856272658,562.8872321,0,-5.962264121,486.3552879,0,-0.2550580141,9262.532675,0,-3.308026891,466.6643663,0,-7.266930249,1566208.769,0,-2.76149709,96144.34835,-7.197474337,13.54942325,0,-3.035981388,23.62196969,0,-6.426628894,48.2735004,0,-4.262951278,11.71159501,0,-3.783564586,9565319.181,0,13066.16486,0.00419386349,5434.153934,0.04529104639,225.4188023,0.0001200906454,100.1366945,16.8902871,0.04166368042,99385.86137,0.01800213735,0.01340121909,341.6738085,1498.879312,0.00509929055,2.71E-05,0.007342536088,0.0009324146248,5.88E-06,2725.940693,346.9227178,52291.96761,2.604895403,7394.958791,0.0001041313773,0.08180993241,0.05443335288,-11.02674495,11.51155376,-7.158135082,11.50613482,0,-23.0221011,7.33319354,-7.62692177,4.454769287,-4.190995665,4.96202563,2.562968502,1.307593862,3.011045016,2.691862205,2.562032425,88.09007996,43.79307556,16.76492425,1.034577608,1.197084576,1.522253219,0.07805928345,1.945202878,0.09993288094,6.296679665,0.8161165617,0.3191543446,0.1476397427,260.3754267,2.027047483,5.26992585,0.04764978126,3372.689073,0.8371472921
11,-180.7292918,1144.855219,16688.83785,10813.83343,2704.528615,29251.07836,126083.4713,44434.13127,140388.1503,221638.9005,5323.288067,27035.51817,-4.19430137,8.774910438,0,-3.659480949,81.68026271,0,-3.765283958,8887318.984,0,-5.404896341,282.0154752,0,-12.23795073,292520.2774,0,-6.987642896,524.6689797,0,-5.139769519,2135371.776,0,-6.13235558,9923842.429,0,-5.462701532,126659.4162,0,-5.796267539,0.02397574061,0,-1.203249661,152089.2431,0,-5.704803337,152.6034326,0,-5.806320129,168.7581026,0,3.24368016,391.3897792,0,-3.030681015,96.61726667,0,-9.205870185,1027795.697,0,-2.199373778,490779.413,-4.985212,7387.438154,0,-3.350816834,33.934831,0,-6.313056354,7.863309166,0,-3.957898338,4.647917891,0,-4.720353011,69483.6233,0,70456.03871,0.0203476502,15583.25014,3.870266895,65.13522675,0.002009116113,3894.686497,184.1370299,0.1972918868,41034.51912,0.01110867488,0.008417562189,844.6644902,10570.90647,7.03E-05,1.19E-06,0.0001543765571,7.58E-05,5.50E-06,2593.4208,45.48703923,3615.593563,3.879846168,4291.642547,0.0005253955235,0.03147277286,0.07134636424,-5.744223265,11.46680287,-8.687461611,11.49675388,0,-22.87490612,11.33711938,-9.18126562,3.135101384,-4.489842584,8.577576409,2.865788618,1.969513267,3.606180591,3.407846921,4.767556859,103.3070299,55.71828209,30.26561222,0.6862528912,1.006109453,1.371221486,0.07966159819,1.821835865,0.0992260407,36.91344894,0.5014841705,0.2385321277,0.1911869907,101.9008688,1.358068232,4.304075538,0.07875174593,840.8054669,0.8222596677
12,-169.9126753,1199.472229,16453.75485,9844.443871,3782.18301,12403.7558,96936.46531,24685.57465,127703.8335,375187.1186,6718.509828,75366.89959,-4.025254582,0.01049624567,0,-5.207502696,7519.071992,0,-3.891507831,134.9532401,0,-3.844254236,44.59653187,0,-15.74434443,133024.8901,0,-6.772390916,488.8762433,0,-8.949861118,845468.9443,0,-8.366327067,8972482.938,0,-4.477113096,604984.6628,0,-5.637864431,0.01726710513,0,-2.152406354,200450.8272,0,-5.435770331,562.3944351,0,-5.654661873,36.81500982,0,3.180388456,4766.84049,0,-5.138947063,391.5726774,0,-3.218900371,477938.8779,0,-4.16198493,598135.1718,-7.495447545,47.09849275,0,-2.791405789,75.20234596,0,-6.440478739,3.670829782,0,-3.846666604,3.997759187,0,-6.917842059,5099576.459,0,152.4898576,0.008040072761,39705.88923,0.01300963723,123.445747,0.002918995469,220.950121,2024.702509,0.0008070791727,25766.70933,0.008921712332,0.5401916131,110.3128789,202.9102317,0.008631626794,3.81E-05,0.02933637188,0.003670571078,0.02094398318,41421.45092,49261.37258,75.42284766,0.640880631,167.5859633,0.1592211418,0.06475128126,0.01577198843,-10.07105059,11.48894484,-1.965630977,11.49192852,0,-22.82477773,7.554733281,-2.840159136,-2.135209315,-1.907212391,8.070050148,4.064277205,0.3621196268,3.327613441,2.907945872,6.138647716,139.3791993,18.49032699,72.63858856,1.393868859,0.5956548878,1.54620751,0.0897482937,1.819388924,0.09999391403,98.63427195,0.6747218931,0.4677098347,0.1896394884,25.04961017,0.1599643382,3.158308608,0.04399973629,491.9835773,0.7998947259
13,-144.2930433,1254.884287,16818.71229,11330.48931,3100.237397,13829.91323,179733.9049,48529.39351,119900.3713,317225.5893,5181.21041,43559.55645,-4.536157675,0.010367999,0,-3.71738508,108.867542,0,-8.536203334,8398833.414,0,-5.068816444,449.947717,0,-15.51396383,30249.6019,0,-7.425563488,7056.284857,0,-8.247546605,5695275.858,0,-9.129041946,8420738.034,0,-5.166703122,742175.0964,0,-6.13959133,0.04338166511,0,-7.971163311,444384.1782,0,-5.703393703,101.9422806,0,-6.111650543,3226.907381,0,-2.376557048,9085.129703,0,-4.113899336,1252.74336,0,-8.76154781,6956427.185,0,-4.355603875,22045.25642,-8.83956759,5.325160782,0,-3.605098542,61.94751157,0,-5.86110477,0.08678197813,0,-4.298446618,3.07021176,0,-4.016470122,1953661.037,0,2962.310049,0.9917228756,8889.117701,0.09879431656,87.33846165,0.01734718336,463.4176431,15.58785942,0.001379376176,329.403874,0.04356900541,0.001040141806,5165.539256,1846.346854,0.006689522454,0.0008249590014,0.002984082481,0.008337333888,7.23E-06,1272.695776,239.5299637,4479.245531,2.836285348,1404.569548,0.0002152423591,0.02023316826,0.06157408402,-7.782041488,11.37386156,-4.8010066,11.12908546,0,-22.42158403,11.05981345,-5.697253636,9.137382107,7.314890171,2.736243622,2.818370515,1.416646962,3.648548488,3.476114711,4.040072803,77.48961289,25.42692994,52.03534406,1.366555978,1.33226032,1.521711437,0.08746157874,2.034727746,0.08287520384,2.91436803,1.175078944,0.2041233655,0.1286048798,66.16370027,0.8880536672,8.009643923,0.00785146678,1249.607418,1.726650753
14,-144.0117224,1049.979833,16625.33441,15412.99182,1405.164096,31629.68508,167079.4176,41978.96394,117923.1533,149393.5474,5593.388097,33931.97247,-4.009487864,0.01011064929,0,-4.376788522,53.58853957,0,-6.296958394,4605608.054,0,-4.953719748,504.8854597,0,-11.88854078,619954.5546,0,-6.402775373,0.01590704309,0,-5.498926803,2874969.179,0,-0.7315591535,164730.8141,0,-4.239938136,115119.3521,0,-5.609033238,0.02464563741,0,-3.184656155,9785017.219,0,-6.213116981,167.0709144,0,-5.518898078,1340.299819,0,1.175712164,377.241928,0,-3.383235652,449.915083,0,-6.690387377,43148.24133,0,-7.649085235,5042.909324,-2.454598077,8.787674548,0,-4.036220513,22.99308971,0,-6.045309326,480.5420295,0,-3.793984448,1.103095475,0,-5.441864933,307726.6089,0,10167.11382,0.05174774501,3665.257705,1.483053469,318.620187,0.01604435171,1943.380051,4835.254043,0.0006494078369,19824.82249,0.01278044507,0.002499692975,16097.37796,7427.094672,0.004706561052,4.78E-05,0.003239607383,0.003585324522,4.24E-05,2214.091007,16809.84901,1260.567508,7.95246535,22739.65263,0.002717032359,0.006695324551,0.08624416619,-9.999058781,9.007598927,-8.749705823,11.1304156,0,-21.2993207,10.15085518,-7.384741383,5.075243097,0.9237032223,3.107801566,3.772440073,1.610011364,4.302087865,4.333703353,1.518794387,47.53515045,60.56794619,35.26214764,0.870239919,1.346360061,1.323081138,0.09189845074,1.754460704,0.06217107853,53.12397571,1.291449853,0.2360873839,0.1784000475,204.1246523,3.397659903,3.303095827,0.0296778561,2341.253109,3.690825624
15,-137.2276651,1167.882923,16945.49888,14292.5187,5818.005877,11099.25757,120994.8388,48119.73359,138876.5264,267363.6569,6184.017976,14008.24762,-4.310638812,0.01004035223,0,-3.662221981,50.81368282,0,-8.952564807,104149.704,0,-4.026622875,0.02211351608,0,-14.95908242,804327.1402,0,-7.36688604,3499.676185,0,-9.110064126,8572080.384,0,-9.189802106,9264433.762,0,-4.002128978,7888.58036,0,-5.932172902,0.01268069707,0,-3.237188539,26073.62508,0,-5.752033348,113.2637573,0,-6.006150979,781.1096302,0,1.796793883,9677.171701,0,-4.332246996,205.1671103,0,-7.281689931,1170724.341,0,-6.007521564,59933.34586,-3.506361004,9.627035799,0,-3.283910486,22.44648479,0,-6.363508155,118.8951752,0,-4.086171055,4.661804821,0,-4.325687005,118024.9816,0,3059.581063,0.01048804844,7136.106338,0.03304532084,670.7085656,0.0002415288093,438.6117028,330.1363986,0.000115069942,27653.94176,0.001296002129,0.0006766603045,6469.641674,7024.227215,0.0007339055441,3.88E-05,0.00078903177,0.000584876275,0.0005592315262,64159.37692,594.3136449,1005.525877,0.09619526936,1431.776279,0.0003152666667,0.02209168439,0.07300957667,-10.73024394,11.51287602,-6.633639894,11.47361689,0,-22.39885244,7.685267075,-10.0390675,6.612828395,2.196460377,7.158181583,2.642376926,-4.204275356,3.422530614,3.127660758,2.084114385,182.092677,27.5646983,15.8614724,1.672182911,1.590774911,1.371309795,0.08075019566,1.907582124,0.09998367629,12.06917189,0.72785704,0.500182701,0.2250718616,435.3677194,5.986136922,5.882605579,0.03535142751,15409.42436,9.631947131
16,-122.5362316,1161.406091,16900.90896,10284.64071,3248.343765,9210.318403,193532.3583,55368.39317,119839.4101,511834.8706,6192.033764,33611.24671,-3.924858994,0.01000078636,0,-3.516864263,74.23787168,0,-2.891971418,6766175.212,0,-4.482665152,19.01533651,0,-14.67067924,179970.2306,0,-6.624396017,327.004797,0,-9.047670109,8601.994794,0,-5.887055122,8707182.472,0,-7.185038736,4297.416754,0,-5.531389109,0.01000035726,0,-6.285468397,1000513.676,0,-5.555066021,152.9105465,0,-5.429651781,327.1810204,0,-0.3077961873,1409.611675,0,-3.643241266,150.8490531,0,-9.00199034,1470354.285,0,-3.555820578,85916.49682,-4.72713455,155.6373197,0,-3.204538798,36.00494334,0,-6.131273295,183.0133294,0,-3.657013619,2.441965992,0,-4.178771024,3898189.651,0,66181.825,0.2003553588,6942.868632,0.001530025519,88.82140391,0.0001531383218,1377.29183,550.6688718,0.002801479591,4107.123659,0.0706428347,0.006346969696,875.1940177,1238.212467,0.002494377474,5.99E-05,0.0029943214,0.002252875911,0.004022525822,634.2796713,3041.977844,23492.10204,0.04581932352,443.8306175,0.0007620802615,0.2667416592,0.06983835524,-8.042042216,5.171643186,-9.20000867,10.89168378,0,-22.25443697,11.51101634,-5.942191157,9.210160293,8.588904903,6.724481192,2.493319405,1.642951226,3.104928141,3.000628554,0.9521454974,107.8297355,19.82547089,44.96485425,1.087383642,0.4668734319,1.352742777,0.08982322088,2.120215944,0.09998874253,18.25857093,0.6949320443,0.270685746,0.1413600617,26.07551382,0.2953233553,3.987832659,0.05119190438,1449.779277,2.059806413
17,-114.1230287,1246.501197,16978.45068,9403.627179,4480.032479,19422.87651,73976.27725,41177.74362,133320.7164,255230.156,5963.513858,17875.9665,-5.747127708,9999.923728,0,-4.414483009,38.49313972,0,-8.381080586,567500.6242,0,-6.121455219,349.784297,0,-14.14380182,218330.9918,0,-7.308484573,3500.627483,0,-9.199459802,4098630.951,0,-2.87277441,9580297.924,0,-2.372068395,22212.63898,0,-5.994768384,0.02064188349,0,-2.510985246,100063.3285,0,-6.598649551,89.92354799,0,-6.0166754,715.8202312,0,4.436144644,3102.464815,0,-1.94590949,134.4976768,0,-9.076924117,906890.0889,0,-7.41163471,93407.47301,-4.158219538,4.032807822,0,-5.866257597,8652.628081,0,-7.400541302,263.2265525,0,-4.236460596,20.16024762,0,-2.502632327,5867679.726,0,1386.269364,0.0254212823,58006.33893,0.009090626813,152.2865333,0.0001206185313,1640.650541,61.17911387,0.00323608744,16794.6281,0.004606737471,0.002478378459,1729.941857,431.4873673,0.007352287163,1.14E-06,0.005972774766,0.007998183095,1.27E-06,7420.96973,256.1083194,10.00710068,4.319438679,14263.52839,0.9920753297,0.000102136878,0.0422144708,-10.94061804,11.5013154,-3.379396824,11.16599049,0,-23.01764646,7.013131515,-5.484521342,-2.629775364,1.435413842,9.037793575,3.535852264,2.467831675,4.367632827,4.998024105,2.980606125,130.9810949,44.87671936,21.24319639,1.411963331,2.73867946,1.579649185,0.08101411363,1.893641208,0.09999981443,17.34233937,0.8489923607,0.3943297705,0.2607667722,150.8603692,1.247605524,7.830544571,0.01811173858,985.4835886,0.4740898131
18,-105.1584535,1192.861588,16215.79168,15267.91446,2134.152994,8156.740648,87989.29633,57076.05258,139194.8333,539841.1288,4829.606521,25558.07364,-4.033639325,0.3360842899,0,-3.010621841,19.40705064,0,-8.342014364,505082.595,0,-4.594748826,2.120959709,0,-12.90762272,2121052.678,0,-7.209256027,9331.732188,0,-8.455389561,7714262.622,0,-7.846959339,9929556.938,0,-5.64014517,100620.0312,0,-5.527919508,0.01112407171,0,-1.340593853,5373874.28,0,-6.011185611,113.9343073,0,-6.067026684,6001.761067,0,1.921236888,5973.287477,0,-3.985466318,178.2840209,0,-6.913884249,2401229.019,0,-5.440965896,36950.80802,-4.683569689,13.75317499,0,-4.462079246,846.6284073,0,-6.98524145,17.92866225,0,-3.745784273,2.40448072,0,-3.225806963,256293.7996,0,1323.135934,0.08144870117,130.8228383,0.05154597298,321.3574562,0.00268628037,410.3035159,1080.095277,0.04744791575,9621.464749,0.02960126563,0.0003677625502,7558.813099,72.35338803,0.007437557741,0.0004829891904,0.0470374728,0.02143672538,0.03056568104,1721.570568,10.06998057,11.74646341,1.640975749,15339.78567,0.0006637613187,0.009993905447,0.06005930833,-1.819445053,11.51171631,-4.809003284,11.50462907,0,-18.25843824,9.121233004,-7.084211927,7.298803177,4.131064544,3.10873103,2.158336337,3.80899512,3.514368464,4.206293405,4.356488701,79.8579317,19.32611861,37.74002103,1.633529904,0.3564342742,1.317079717,0.09186091473,1.825589313,0.07726807396,12.76133616,1.810972398,0.3108721213,0.1810428833,130.004244,1.467505432,203.0331661,6.449116426,1038.095657,0.8261425489
19,-104.3515077,1082.92092,16025.87765,18707.34347,6363.886911,15015.55515,141535.9393,52791.90386,117185.3683,305400.1626,5915.179692,21102.10831,-4.089646611,0.01000863649,0,-3.607859451,66.02496381,0,-6.683373851,526923.3606,0,-4.323206308,3.236487498,0,-14.97788536,157194.3274,0,-7.092662786,530.0065042,0,-8.812003397,4930949.357,0,-7.545685135,9713328.339,0,-7.786088118,1063.681133,0,-5.720773615,0.01036541863,0,-9.790602335,686681.5079,0,-5.139097007,140.9258316,0,-5.823293372,54.8248627,0,3.296731991,98.32487135,0,-4.221302144,68.96013251,0,-8.662203552,288897.8046,0,-8.893370451,1231199.09,-3.896958861,11.0384345,0,-3.173698699,30.57577199,0,-6.081539715,308.960285,0,-3.855364447,2.564855433,0,-4.281911566,1148149.173,0,925.6410744,0.1146199034,50116.05059,0.1631553422,234.5951278,0.03374049873,1353.160718,814.4797933,0.0001143280585,3387.86855,0.01678519696,0.006542434192,756.5675928,97.34767519,2.62E-06,3.87E-06,0.001067131298,0.0001277301427,0.0001287524931,1840.336456,1862.191014,47.45727196,0.02458773343,624.2061774,0.001233462563,0.004223201839,0.01821500771,-11.18102691,10.61449442,-6.312871661,11.47772224,0,-22.17011507,6.728293847,-7.825924806,7.302588345,3.56757069,6.719772855,2.670571734,3.060549763,2.821228783,3.101268568,1.278957649,214.4605076,35.94943631,25.16320036,1.157289898,0.7716224087,1.493872795,0.06352926295,7.601123914,0.09999856469,46.78663231,0.3509951428,0.2100400273,0.05268155229,614.2139701,2.054619316,7.255449533,0.02307385887,17112.48965,1.124606203
20,-99.05591665,1093.599895,16176.75662,11449.3767,3103.414337,19396.82137,124974.4251,45882.28097,149577.3991,420479.0635,6314.504808,3385.969489,-4.244853342,0.01001665293,0,-2.432771708,270.0673789,0,-1.939104449,877.7783979,0,-4.488246362,1.03490734,0,-12.95365378,1064086.889,0,-7.394823462,0.01149148582,0,-7.70154634,55507.0937,0,-8.689373663,4005439.464,0,-8.861350061,1642116.017,0,-5.871190994,0.01091274325,0,-4.306345392,230275.503,0,-5.362793979,594.9691325,0,-5.854193728,403.219303,0,-3.197885768,6125.174233,0,-5.018867517,9961.109581,0,-9.115069478,30131.33998,0,-1.755471065,116401.7066,-0.4643820114,0.01795406812,0,-2.348584493,32.7015531,0,-7.011189694,32.11432295,0,-4.108901504,210.4557867,0,-3.609058502,118444.5024,0,421.8869512,0.1229080965,25836.98491,0.009716373195,246.4484473,0.01648619685,4156.150089,3850.630459,0.03182227684,8660.84217,0.0008315009248,0.6312997683,198.10523,7073.98385,0.005942390418,0.003214961698,0.01982735209,0.01040093861,0.01367792824,53686.45204,563.1152255,95.17072318,1.42527116,15528.28773,0.0001180783802,0.01463114657,0.03692099181,-8.874196321,9.358676451,-8.613058774,11.50161471,0,-22.88765393,9.42132437,-6.659670298,6.121616345,-2.019321661,4.488014298,1.248695013,4.15951303,2.981595159,2.335176468,4.651345047,100.1641022,42.22713293,4.01559913,0.7210762494,0.286878478,1.29672569,0.08088696338,2.006208317,0.09996541616,10.08111165,0.3752683401,0.1050763733,0.1834064507,110.7895324,0.7947280125,4.638460621,0.1392042565,10986.38346,1.365115362
21,-87.5666341,1170.526747,15400.24995,17705.0718,1687.046837,28888.75735,160232.431,28291.65612,110271.1464,162105.6378,5366.147182,18798.0701,-4.154931485,0.01118239631,0,-3.582638937,208.4960042,0,-9.101769507,539504.3332,0,-4.332307996,0.0158262147,0,-15.69939355,67972.84423,0,-6.905674609,81.49325309,0,-2.829118481,3689757.582,0,-4.168360012,413799.2144,0,-6.770639345,761.5785527,0,-5.789704574,0.01027814983,0,-6.95661251,753725.1744,0,-5.170146899,336.3929822,0,-5.710538899,65.13670107,0,4.158245317,146.1705505,0,-4.818261403,305.6439247,0,-6.89125554,18605.45783,0,-3.099357037,1969450.612,-9.10560588,7.720646428,0,-3.025152001,62.25554451,0,-5.934473002,857.7695028,0,-3.854540572,3.614702854,0,-8.440687891,85786.97773,0,30.62406616,0.04937898935,530.818826,0.004096403796,8.796535951,0.1548132033,22077.4444,11.42630778,0.008979173089,12380.24168,0.03927507655,0.01014431923,2987.242345,221.3055037,2.39E-05,0.0002713090834,0.007074229721,0.003069519916,1.83E-05,3260.162262,502.9114239,5664.072125,0.02273418073,10.27076894,0.003509230655,0.0228975013,0.02583408954,-9.858316631,9.419195603,-6.290878976,11.16775408,0,-22.49563537,7.146306452,-7.221875126,4.231105931,1.725333925,4.013027312,2.640902285,8.007871879,2.846650016,2.936088281,0.8121984415,48.31601726,27.21510943,25.88487936,1.228408431,0.250363823,1.32962996,0.08089692552,3.740612135,0.09995742086,66.02450432,1.7220575,0.165957011,0.1075949389,76.52640137,0.5429391195,24.77695217,0.9754114143,4122.836546,1.300954122
22,-72.93269661,1207.696231,16623.43384,12418.831,5580.609186,10858.14465,112763.2417,51308.55889,133225.8022,271343.8777,5902.2432,17097.93341,-4.41391095,8.362887362,0,-2.446770567,0.01791598391,0,-5.333049815,209.2481995,0,-4.246606497,35.40618153,0,-11.44622552,64648.92475,0,-7.288691401,1188.052784,0,0.05573091117,8430838.954,0,-2.391892696,803568.7098,0,-5.615476665,11634.75675,0,-6.022919321,0.7557774549,0,-2.347206668,14901.14278,0,-5.52326859,177.5837043,0,-6.053096222,264.826628,0,4.393029956,5780.874346,0,-4.645516189,508.3341339,0,-7.491612888,2637464.51,0,-6.070422513,21299.7317,-5.248304194,123.8813848,0,-2.621551911,25.51377174,0,-6.669428441,11.16703592,0,-4.282353322,10.36537598,0,-3.888162393,8256004.766,0,1482.860754,0.05606148951,34196.10216,0.1041570021,326.4273724,0.01838378427,4795.477582,11242.26304,0.1510513831,7829.806543,0.01368638902,0.0008870744338,5724.380392,6084.121138,1.76E-05,0.0002340066713,0.001375882648,0.0004791453555,0.0007265846895,4206.831529,11.56725061,72309.00169,1.450695843,1057.891847,0.0004937893351,0.2890821337,0.07326850108,-10.66953013,11.42920458,-6.769592934,11.31839176,0,-22.76836316,6.398899796,-10.10174782,5.10250801,-4.114279777,3.647539722,6.876658692,0.5946713122,2.970893877,2.26247515,3.897443601,159.9220922,24.25334574,20.82973459,1.274433804,0.8128237108,1.446423967,0.07679197668,1.865303853,0.099499924,5.994001816,0.4929394313,0.4053220001,0.1084660315,44.90082284,0.3654210801,4.215414487,0.05238876664,3710.063985,1.259606555
23,-65.41931659,1259.678957,16457.7511,10103.45144,1245.041501,2962.177079,112457.5316,52016.72608,128598.9988,149521.5636,6068.057535,5519.391677,-4.897882541,0.03059872558,0,-2.836060706,37.24685121,0,-8.755914009,330246.6377,0,-4.669185986,127.6882947,0,-12.88992025,387023.1039,0,-7.681677162,5520.879143,0,-4.567125537,1100487.873,0,-6.074527986,2077044.714,0,-6.124081511,495.6026647,0,-6.523893657,0.01789256926,0,-0.5001712236,55235.45096,0,-7.543632664,145.1888965,0,-6.429148403,887.2615561,0,3.285823084,3963.698055,0,-4.60299598,4955.481709,0,-8.791116986,5738076.869,0,-5.547535739,205698.0435,-7.608667492,26.24985305,0,-4.025151578,45.57276426,0,-5.660997272,0.01002229638,0,-4.782515388,33.26395906,0,-2.777637147,66835.19504,0,1877.711811,0.3975849449,1893.317259,0.001578925852,768.4224908,0.0003932221665,61836.95372,130.6899771,0.02922294668,2419.699643,0.001495966342,0.0001377621222,50677.55092,13344.63466,0.0005451755805,0.0003185381993,0.002341510518,0.002846287521,0.0001112671407,17979.9596,39286.20358,36075.97773,1.805713775,68.56237026,0.9303237207,0.003991800868,0.1085767171,-6.239012498,11.35444559,-4.578891698,11.5119846,0,-23.02119814,7.269748342,-7.504795243,4.12458636,4.791896195,8.390698193,1.966308905,1.133074702,5.196568085,4.007445765,-0.6091703267,42.89406501,6.278671075,7.708562479,0.1937783697,0.1264559413,1.136740264,0.09979569828,1.791777349,0.09975970857,1.624930299,0.4313118043,0.3458928419,0.9563027722,28.23449975,0.3837756347,6.711901177,0.2553761869,1009.468067,1.306892217
24,-47.6278218,1146.27001,15045.87877,12392.8821,4317.306314,43334.50818,97152.97973,45249.95125,113635.9535,635022.6402,4619.748838,24532.23349,-4.099480253,0.03478000033,0,-3.394767355,60.30497155,0,-0.1942916012,210790.1394,0,-4.774798936,4.952792108,0,-7.314960041,2737813.025,0,-6.932131465,1099.708543,0,-7.117805495,213357.0243,0,-3.623203182,105929.4791,0,-1.777184111,5479.709805,0,-5.704450401,0.02005344262,0,-0.02780140321,69049.46982,0,-5.950893742,252.2619933,0,-5.794715382,94.17829998,0,3.504569077,2171.969438,0,-7.902348616,1495.398376,0,-5.030999335,23650.43361,0,-7.45039483,759622.9307,-0.3478839646,0.01304354025,0,-4.279120469,22.9387123,0,-5.319239044,3582.111271,0,-4.01949425,139.5577528,0,-1.906507677,854970.4672,0,3063.314958,0.01297465103,961.5957426,0.005760758543,51.48371014,0.01383038535,5997.63165,39981.55296,0.07146096656,89387.27508,0.07556252682,0.01967066896,1672.430636,8287.208224,0.00417305049,0.002045894276,0.004991689241,0.005498076781,3.20E-06,969.9040972,14.43215818,129.2764882,4.493987549,23260.12684,0.04908244776,0.02896326571,0.02345931581,-8.999224285,11.11463525,-4.946825638,11.41903482,0,-21.94759895,11.3481302,-5.617416481,8.148988482,8.541778986,-2.937608899,2.323272395,3.350070055,3.378976532,4.139197592,-0.287849809,152.543098,76.75642576,31.41001664,0.856881438,0.9559880422,1.328935804,0.09509128332,1.795310904,0.08819814118,12.31443454,0.3980285185,0.14037138,0.1514680755,38.76750782,0.2931052064,3.100810807,0.01763315794,807.5742787,0.4448294909
25,-38.27513489,1171.781767,16886.47739,13278.65662,6618.479309,14047.25688,104842.4401,51658.77936,153980.4373,207447.7851,4919.233439,5347.853697,-4.054125182,0.2767863888,0,-3.690496218,47.22730155,0,-2.623922429,482264.5756,0,-5.548306617,1.145620211,0,-13.41804207,1168209.803,0,-6.956740221,3910.823439,0,-8.363185194,64903.64083,0,-8.469837465,2454967.216,0,-5.154995955,836.0323958,0,-5.681949023,0.01029087321,0,-2.888210765,3678960.483,0,-5.879274817,125.6246677,0,-5.191637649,2550.454568,0,-4.566977342,1983.490658,0,-3.221892122,217.6370338,0,-4.607141546,380378.5453,0,-7.232879471,7571.764517,-7.056104902,31.16782829,0,-3.298466983,15.99020702,0,-5.87886003,7919.182195,0,-3.840705296,3.365503367,0,-3.183769211,484563.4756,0,5899.355678,0.05579817235,25267.98648,0.890176665,25.90273001,0.008470489242,7255.362732,585.0709787,0.08074329834,23676.63017,0.4353572245,0.0005687633321,16154.36631,84.94278859,0.0506428106,0.01282896168,0.05924893805,0.02642167397,1.08E-06,117.8513273,699.3728887,55379.6002,2.21503271,168.6418095,0.0001260252406,0.6157913666,0.06625071751,-9.717922559,7.029135212,-3.894329399,3.53687972,0,-21.45490417,9.39753774,-5.131555363,8.674743741,5.884660914,6.919308245,2.1088342,5.276511587,2.949597512,2.625569325,-0.7878449509,248.7599711,31.63670653,6.905398256,0.8607665754,0.3677479283,1.53911664,0.07386321831,1.810508799,0.0999940098,30.19489725,0.1633913117,0.1595600271,0.4328395757,276.5477864,1.787285418,161.5611087,4.186818896,4846.863843,2.125043605
26,-32.30546776,1238.605224,16714.31797,9833.754063,4637.490697,18156.56603,76969.53661,39676.85253,155233.933,239771.567,7052.166569,20294.97033,-4.466961258,54.76158871,0,-2.315039467,76.31789248,0,-0.3710416349,83563.4389,0,-3.568604288,256.3695609,0,-10.29128629,17709.2081,0,-7.549793163,3259.212859,0,-0.6650501438,9328319.768,0,-8.764574147,8335453.399,0,-2.409651257,326490.9839,0,-6.089463919,47.80317535,0,-9.045090519,8169590.462,0,-4.65302557,405.7517449,0,-6.351784758,367.7753165,0,3.037939772,8677.269838,0,-6.218568089,2046.586436,0,-1.488524965,1970.127075,0,-1.796779939,3165573.757,-3.031749121,4947.882779,0,-2.325690742,43.64481944,0,-5.444505754,3278.356577,0,-4.417470383,11.09630511,0,-4.351201043,92553.17845,0,70283.26939,0.001800474741,8106.642039,0.4842021791,28.7826239,0.0004485040524,1183.475785,127.0890264,0.06249599258,64554.34992,0.0007036375528,0.01702544587,5335.587195,8106.237752,0.0009640966281,7.04E-06,0.002194161539,0.001395935437,0.0007641910524,95639.08123,2127.273517,11.03969963,0.01117324522,89946.3541,0.3487685409,0.0214373669,0.01950490685,-10.2149678,11.36890646,-5.306666726,11.33899458,0,-18.46221747,7.686686512,-4.75927382,6.599636469,7.909347811,-4.55680465,1.442310021,-4.602630812,2.29129043,2.177249433,-0.5175613219,137.3786928,33.58699197,24.30052696,1.100643389,0.6467124006,1.480044844,0.06420283,1.9271656,0.0996920714,21.48462175,0.4482871601,0.2748792838,0.3218431415,59.71688977,0.2839808951,7.331285667,0.1175021508,2822.146591,2.227917799
27,-25.36303842,1311.008837,15936.97191,9178.479394,2520.591162,4224.932772,142730.1591,44947.23358,111354.0856,345493.2205,5656.203512,26015.47891,-4.293896315,0.01050733692,0,-3.798053693,2525.526119,0,-8.515290587,2402096.1,0,-3.692315347,19.44249851,0,-13.98109,528778.4105,0,-7.093576164,6410.504002,0,-7.729439386,1305326.714,0,-8.173938351,5064540.534,0,-4.905420172,76065.24261,0,-5.91028896,0.02088625408,0,-5.991555603,5765.592226,0,-5.939900193,8635.10326,0,-5.967234338,3585.433305,0,-0.7325832985,10000,0,-4.937944655,1578.875983,0,-7.135216305,682525.9489,0,-3.660560389,11038.11143,-5.323539394,15.43073444,0,-3.874364862,1418.70325,0,-5.388242031,0.01627344035,0,-4.182766647,6.869364333,0,-5.65197986,6510511.701,0,28903.77239,0.1118503308,69173.73783,0.02649891088,314.8527864,0.001831057554,92.05457765,127.4293934,0.003581956121,4124.099879,0.005408250488,0.0003207357855,14548.84573,18114.04916,0.0003779739021,1.03E-06,0.001823725432,0.001707753709,5.46E-06,5959.017049,807.4816863,1789.357566,0.2574649584,7230.988036,0.0001140919665,0.2941746034,0.05514368915,-10.69371361,11.47852084,-8.079806438,11.51015437,0,-22.96425993,8.193616867,-9.552768651,7.666115698,-3.220961965,3.729200278,0.3815023878,0.5844875377,1.190710866,1.249829005,5.666231306,83.70834195,7.387210445,27.53155815,1.016887723,0.4309177619,2.301768339,0.0733255309,2.424293381,0.07613240255,2.21351455,0.4535799749,0.2997011227,0.2130674666,61.89952001,0.2643707313,9.634980761,0.02259027801,1306.119067,0.8164651123
28,-18.67303353,1315.989905,17875.66221,10521.3421,1735.660502,5008.324867,140688.0248,44807.68259,91635.13689,339070.8993,4766.267791,9942.817989,-4.220065228,0.01000004903,0,-3.275543826,138.2115924,0,-4.011046198,143172.333,0,-4.207025695,0.01352353144,0,-9.675969329,17134.99102,0,-7.083236466,1169.445804,0,-8.69823122,12463.30763,0,-5.800311833,1686826.798,0,-1.712133091,6061717.518,0,-5.824349279,0.03134036987,0,-6.921665561,5804879.877,0,-5.477916366,150.2512696,0,-5.848094784,41.62800219,0,1.38499524,10000,0,-4.655070045,558.8382732,0,-7.040310862,185056.2155,0,-3.37734348,1262573.9,-1.061781574,814.3843016,0,-3.002087124,61.38482788,0,-6.707745316,2.287006145,0,-3.993457785,1.550390429,0,-3.34178759,20819.19614,0,753.3373691,0.1169530571,17220.96397,0.001156051944,208.8529659,0.05794292324,1274.410523,5613.513138,0.05047901979,2375.478933,0.008219439313,0.01143101868,2485.980266,2665.668244,0.0003236246851,0.0001077337814,0.002218683128,0.0006936918465,0.0009055869666,30901.92661,671.1001372,11.62813704,0.3635055594,12.64568414,0.001288011322,0.01530682389,0.1083665607,-10.9401623,10.9614461,-5.705764475,11.32912827,0,-21.11214327,9.144038597,-7.029032923,7.661281176,5.932558586,8.320375577,2.236549134,4.346390088,3.260958906,2.783466845,5.848519595,49.60587242,13.18428664,12.51658285,0.6227975192,0.330432898,1.362577348,0.08196295406,1.801855906,0.09982716095,21.80152524,0.5542775126,0.2556815576,0.1285164385,53.63813195,0.3335617084,8.598886157,0.1204771366,4245.244559,1.325277219
29,-9.195959765,1189.296779,16902.10083,16298.61878,4513.205167,22778.49854,98360.99942,57259.58502,131955.2572,554838.3195,5750.502946,12776.06322,-4.241950614,0.01000457802,0,-5.024785958,6434.451881,0,-3.431480618,8852465.728,0,-5.043226856,1.304522461,0,-14.04070458,157732.2308,0,-7.123811916,2964.012854,0,-8.065353565,8039108.655,0,-6.541667262,2649991.328,0,-7.955159769,5514.798234,0,-5.880303883,0.01384360331,0,-2.796849826,52649.08162,0,-4.620404178,0.9786668004,0,-5.792140337,16.5932042,0,1.534952256,4131.481562,0,-4.993198584,345.8525485,0,-7.834924392,2628508.347,0,-5.478655898,126233.103,-7.932266199,19.71350705,0,-2.355208761,0.01086368032,0,-6.427463573,0.012085544,0,-4.067197351,6.11686455,0,-2.961294515,1410374.554,0,93376.42705,0.06476965166,16552.68202,0.004615604895,163.2089809,0.0002051804634,19402.11879,11.06527694,0.02174601715,8534.789643,0.01363947975,0.002066540344,2080.729567,219.0482328,0.003193775999,0.01240401027,0.00403732104,0.0005878394019,0.02457261511,9815.2751,10.70660069,989.3321875,0.08402046109,423.0035208,0.0002960537892,0.008886778781,0.04858899264,-10.56588798,10.52343637,-6.190556412,11.49422054,0,-22.91306841,5.598643876,-8.538253512,4.718442522,2.710826992,8.639375388,2.607905867,3.657144391,4.573632074,6.616016935,2.853732724,135.7347053,53.31767028,17.81096568,1.243774758,1.419629762,1.457010152,0.07276693165,1.919157735,0.09863626273,8.961844756,0.4389840631,0.3424227941,0.05108614199,44.56093168,0.2087453118,7.458513285,0.1236242448,28692.56675,3.50433171
30,-0.4570603989,1072.131643,16260.18032,21118.86695,5284.59117,23317.58949,130683.9461,54459.41789,138757.0315,292181.7336,6040.97078,19476.91686,-4.078874226,0.185869914,0,-3.447052971,28.18610917,0,-5.632438229,5072.575603,0,-4.814147797,8.637446479,0,-14.55122922,1697168.528,0,-6.818608966,0.06484790294,0,1.56567636,486552.1398,0,-5.588778297,5915846.732,0,-8.794089114,26259.55565,0,-5.694357667,0.0100255784,0,-0.4217615826,25777.43645,0,-5.596507689,71.66257169,0,-5.438196163,1078.597241,0,-4.480345022,0.01088558382,0,-3.450063288,283.7409723,0,-5.686812748,2047860.421,0,-5.26291805,1405374.122,-4.810591372,118.1122884,0,-3.312361618,253.1169145,0,-6.553415064,81.36893914,0,-3.848968896,0.8182138939,0,-1.308371152,2745292.289,0,38424.75425,0.01185552034,11514.17873,0.03390192792,225.2978625,0.0003065059355,2061.365552,829.7027125,0.0002421400855,60266.54241,0.07893487721,0.001007000112,7020.952235,22763.90897,0.0003900038141,7.46E-05,0.000383906859,2.68E-05,0.0002589380774,220.211511,193.7822954,92.75382372,0.2021825667,1514.599497,0.0001354446974,0.4375069233,0.07099100184,-8.071410403,11.51292105,-7.484485804,3.207272201,0,-19.22827327,11.10007283,-4.856961922,8.472375289,-1.154835836,6.77432769,2.452279598,2.788473367,3.290238397,2.917034417,2.289108977,179.3592707,51.33331188,23.5189244,1.033701976,1.002961425,1.340112352,0.08795249349,1.79811777,0.09999205436,14.08257268,0.3959582069,0.1995806247,0.1133209017,52.63445921,0.5903430597,5.185959656,0.04801545221,2886.842549,1.403862745
31,7.36888895,1197.213641,16554.46939,12849.58887,1934.749037,8981.991039,91910.88644,68957.5577,135199.6058,253717.4417,6285.904345,7295.832828,-4.475306089,175.2717399,0,-3.677565091,1627.440119,0,-3.06770741,965678.2632,0,-4.82416433,396.3335925,0,-9.149743573,147545.4145,0,-6.840762977,0.03578853456,0,-9.067553227,276643.3997,0,-7.986477428,8404262.185,0,-5.362855501,43186.29897,0,-6.086344603,0.01035940082,0,-5.042885505,907755.6772,0,-5.909453978,303.3752589,0,-5.868860869,531.3787481,0,0.3650890728,1019.544326,0,-3.875304857,1429.313795,0,-7.841396346,23156.76895,0,-4.482171014,78703.4137,-8.10000732,193.1101584,0,-3.368874794,71.22066147,0,-6.288111794,0.01001363677,0,-4.29638155,377.3771046,0,-1.816528936,792197.4932,0,3556.581702,0.1406718791,11099.55855,1.157280937,12.94334524,0.0001190522022,84.41699166,124.8970077,0.008282389773,4370.911976,0.008035799397,0.02786299805,859.8707382,18490.4673,0.0003444821504,0.0001225684716,0.002084977215,0.001585943283,0.0009189057172,7676.126598,121.0584541,702.2158716,0.04223874537,365.037099,0.0001115143463,0.00160123269,0.02791700187,-8.503305477,7.509701075,-11.03600348,11.42206655,0,-22.00628282,11.31417265,-0.1212728963,5.694869373,-2.148197152,6.576169708,2.158543516,0.544601449,3.17396929,2.810235543,2.106950347,55.75779948,19.61808428,12.47531627,2.740494022,0.8915895467,2.952062173,0.04215573129,1.934259771,0.09999904371,9.297351223,1.037071225,0.09995935369,0.1281178097,919.0245477,2.214459002,25.27449267,0.02355926583,7482.856854,0.9137628114
32,9.257372203,1129.381822,16655.17836,13874.03776,810.6798188,2063.887297,210207.9,44609.04871,108745.837,211869.9994,6516.821049,22601.31715,-4.085735866,0.01000754361,0,-4.439777919,6861.800248,0,-8.908608095,8539889.127,0,-4.429948677,5.005169478,0,-15.25262866,201816.5672,0,-6.633505342,0.0251310649,0,-7.919749977,93153.02208,0,-9.063293202,8309031.9,0,-4.687933121,135704.2278,0,-5.697472369,0.01082027294,0,-5.276606276,930038.9382,0,-5.66709274,55.49186657,0,-5.746329508,9676.738273,0,0.265948461,123.6895445,0,-4.923778961,2259.651451,0,-3.857522695,936.3394364,0,-5.281694535,243831.2671,-9.04991556,2.643941181,0,-3.210558965,298.075851,0,-6.574291455,29.03493107,0,-3.879021625,2.044428225,0,-2.734035998,2282933.534,0,1134.953616,0.08092924697,63615.62045,0.06292074378,38.57202133,0.0001914295439,10023.78487,1506.757937,0.001295453181,14523.3432,0.005220035375,0.0362073653,2888.657094,1014.824661,0.0310262697,0.007492585787,0.03226573777,0.0366565761,0.02428116392,2137.673477,166.1663386,272.2297892,0.01271961293,9297.62531,0.002186030143,0.00388568296,0.09186030068,-11.0133264,8.48454721,-9.736739305,11.50635938,0,-22.92849513,6.522708878,-8.153653656,7.524092122,-3.164822395,5.842734145,3.187601017,4.07560361,4.533580689,2.818542428,4.76892261,26.69713145,3.420340982,24.92385293,1.076518299,6.071970003,1.530629019,0.06845179161,1.88970707,0.09994494196,33.01296646,0.6817290031,0.1044793366,0.06618371892,117.7599269,0.3760051368,632.4083741,0.01267807269,6304.222027,3.071625927
33,10.25480621,1334.802306,16630.27781,7996.982194,4091.786244,7471.704826,217494.1498,42429.87827,104100.2748,372793.3745,6905.044064,17829.3082,-4.131859811,0.01124511177,0,-3.99302303,150.7560873,0,-8.498107703,5573377.62,0,-4.013660922,118.1236839,0,-12.16685997,111588.0208,0,-7.020221439,2669.011387,0,-7.60133431,105.040148,0,-1.939378103,1029863.838,0,-9.08512318,11103.83542,0,-5.729055684,0.02747176055,0,-4.48187842,87172.85218,0,-5.842879457,388.309663,0,-5.80049226,1135.456113,0,-2.964478619,9538.865392,0,-5.986665989,275.1958709,0,-6.361290291,747305.0382,0,-3.396929151,55495.3477,-3.76439969,2.546444255,0,-3.576435306,59.2851454,0,-5.80793718,106.9531145,0,-4.060462157,3.310774684,0,-4.7680187,58526.09124,0,1765.929417,0.0128188312,88068.83123,0.008286028212,251.7513108,0.008798588472,76942.87164,95.79982239,0.01140447435,12060.75504,0.00303949633,0.04450691738,1494.726034,9722.727019,0.001212272993,9.54E-06,0.001239634971,0.001067091396,0.0004503967303,7305.930893,227.9393558,26793.77358,0.015906896,1194.713868,0.0004272723756,0.1607427072,0.04122034222,-11.47133352,11.50329536,-5.408851315,11.48719017,0,-22.99120341,9.989009557,-6.664768347,6.395768802,-0.8751754937,7.85040014,3.171000184,-0.8602001915,3.698559085,3.679217816,2.021549834,139.8223727,14.962483,19.66109181,0.7661107957,0.2608118469,1.559182782,0.06995962209,2.015937125,0.09984252144,98.20566264,0.2766571313,0.1166545769,0.05248708811,23.91691302,0.1996670257,7.566190183,0.04334321717,8362.419129,2.093570516
34,18.20281245,1263.527618,16873.18441,10019.51226,1534.092608,5289.327689,115735.5848,34437.08087,125911.8728,283223.5782,5046.87199,16193.886,-4.090813112,0.01001766585,0,-4.420625151,785.289714,0,-2.499644396,126412.2799,0,-4.644658577,19.87282663,0,-11.29692876,75540.06161,0,-6.926972934,0.02704643274,0,1.536305767,499793.3593,0,-5.18773172,2545142.65,0,-3.172371919,103.2002218,0,-5.725485129,0.01037101639,0,-4.444638968,7399929.457,0,-5.640749911,627.2835929,0,-5.52656694,44.52434246,0,-3.71548201,9268.073174,0,-3.950141954,200.442183,0,-6.249684939,1472.87129,0,-7.715198229,245585.6926,-3.476890334,25.74968036,0,-4.04834884,339.5587407,0,-6.80379366,0.2590962216,0,-4.005840685,4.874766078,0,-2.766265434,3039742.765,0,767.7148362,0.03975926754,29438.12244,0.1131623391,26.95492095,0.007186235892,408.2088625,2592.367458,0.02156160568,18372.70199,0.05380866041,0.002228216471,10214.74504,165.7058633,0.0101470635,1.20E-06,0.01278084227,0.01028238314,0.007937601933,1859.697965,200.8553122,244.2459368,12.67903508,1365.847939,0.0002043933158,0.08324118665,0.04963155458,-7.406901794,10.99328403,-7.190784832,11.16365267,0,-22.86513355,7.359976857,-5.13461606,6.841595548,4.404737028,0.6798853454,2.791411661,-0.3195725352,2.570070191,3.217997143,6.516227459,54.73615057,12.38161356,16.55351612,1.24803972,0.4880660481,2.218867034,0.05659935189,1.828505272,0.09994402908,61.32431819,0.111501589,0.1404131471,0.6741055204,279.7614468,0.12044288,41.31632179,0.1304122721,927.1439135,1.382494461
35,23.87740119,1126.550632,17162.24559,22228.21287,2194.486976,9924.800974,133510.7464,35812.77058,131709.37,234029.3234,5356.950903,16435.27868,-4.256973131,0.01008735227,0,-3.529514161,167.0563965,0,-2.411022663,15030.99123,0,-4.508071982,3.516365199,0,-10.00367892,64606.64907,0,-6.929080302,0.02000655991,0,-5.384645798,196031.0033,0,-8.346939607,9542549.844,0,-5.300088113,5186.925471,0,-5.882090202,0.1234435868,0,-1.391533583,61562.97532,0,-5.480217529,235.4167812,0,-5.656151927,9893.716132,0,0.6284771143,1049.341752,0,-4.924058886,5078.605251,0,-7.23024423,1407.218734,0,-4.515812607,24359.57079,-8.239815665,11.73908954,0,-3.097504845,64.02431302,0,-6.129546903,0.07407432033,0,-4.06531615,2.618622132,0,-5.517487274,2285149.672,0,665.5086576,0.09786487913,423.7797265,0.2538742923,41.31371872,0.0005539421731,696.6083404,1899.135211,0.0002511150192,6381.950591,0.05430666825,0.001260511821,29300.56729,861.9647146,0.05872215462,0.004173491167,0.04764392341,0.05584045292,0.00345524772,1150.910038,200.8037513,469.2330481,0.1139088032,373.5149733,0.0002747219598,0.05163701382,0.07362647827,-6.551836004,10.33757962,-10.38240852,11.31370667,0,-22.30898686,8.534967,-8.676347326,6.224945154,-0.0832016073,3.213430658,2.462862025,3.482114371,3.164894994,2.852128942,5.514956228,62.10357052,21.02197837,18.42729781,1.455283126,0.3623631403,1.908737872,0.06538169221,1.81219902,0.09786663224,9.138963957,0.8866969459,0.1468876528,0.1710899527,87.98094946,0.5201647629,334.2362181,4.623441437,6542.771416,3.385375208
36,25.97181023,1121.087812,16847.65706,13051.21872,2962.047693,22677.28714,181137.8237,50689.31646,104810.4699,166081.3391,5297.066529,27824.74246,-4.138731581,4.110655898,0,-4.127969798,83.04755971,0,-1.363948394,115587.5431,0,-5.772745864,413.8551093,0,-11.35778659,60295.74693,0,-6.890259356,0.5202345875,0,-0.3179006105,2679522.072,0,-5.447889795,5578405.273,0,-6.807767525,5149.863473,0,-5.749198463,2.627516282,0,-4.341480469,549710.5952,0,-6.195768199,135.4495033,0,-5.555849028,6665.793417,0,-4.552214188,0.01158324943,0,-3.008709523,269.8444163,0,-4.47293718,8602129.162,0,-2.459010636,3896.470243,-6.347937306,102.504844,0,-4.800440362,2867.687328,0,-7.013717676,39.04608237,0,-4.545228831,9751.078651,0,-4.314258697,2058764.798,0,13666.78784,0.180465474,62658.86034,0.006473686966,91.92137688,0.0001981401253,248.1206954,342.1547163,0.0002032549191,8214.617642,0.05497950868,0.001370609958,3422.385613,62.64000349,0.04840401205,1.98E-05,0.03278736454,0.05503506454,1.35E-06,723.7759435,1999.407096,29744.92886,0.3513220956,486.3285883,0.0003157633025,0.04175212746,0.08550978687,-2.607388729,11.4183754,-11.31649371,2.480955884,0,-13.20747414,4.800797444,-0.7218657466,8.627098369,6.082576861,5.64936385,2.36710537,1.136831762,3.069665857,3.72592,2.715078083,98.8670918,43.83258853,35.10998716,1.274635168,0.8222813299,1.586794503,0.05413647431,2.011171444,0.09953007805,16.32968421,0.3291295421,0.196733164,0.1205114399,110.5539764,0.4867119756,3.984921937,0.05226886612,2552.121272,2.472280391
37,26.43799693,1143.468968,16952.94449,17753.56946,2012.568458,16282.13604,173881.0411,39927.67235,103242.1709,754073.3743,4783.868838,61614.18885,-3.91611723,0.01000148617,0,-4.386279499,7597.413342,0,-2.921237087,69819.00281,0,-4.53253273,0.1244293051,0,-10.97789547,81449.2442,0,-6.605562636,8069.996791,0,-6.92660187,815077.1618,0,-7.650066721,9647059.371,0,-8.961330428,402.7977773,0,-5.528173806,0.01209176626,0,-6.041148662,1589291.623,0,-5.154338765,1378.281956,0,-5.549518159,9872.531376,0,3.781489537,123.6877403,0,-5.336196295,2640.551292,0,-6.776458982,5979.61319,0,-4.405055726,50179.14906,-9.088358953,6.249793086,0,-3.356531001,491.5645866,0,-5.848580682,3295.307643,0,-3.791933857,1.903748753,0,-4.263204467,2162587.852,0,631.7021639,0.1017817836,64567.75066,0.267609885,6.577899514,0.002572307134,6331.026562,62.22367112,0.003706636909,9903.103405,0.03397636614,0.002231462149,29888.85813,229.2293792,0.05951667077,0.007406962164,0.03848717645,0.0487481793,4.34E-05,2113.164669,56.36412774,1187.556321,0.03009328667,39.7256676,0.03641426748,0.01736009379,0.1024696972,-8.200854434,4.14486575,-7.233137727,11.50167164,0,-18.22138853,6.395664399,-7.182465302,4.722938751,-1.634533517,5.532224157,2.922385768,5.629983375,2.322214981,2.783172982,-0.1795450566,76.95630628,29.5025162,67.98610431,1.426167489,0.4176471122,1.493972618,0.07561382829,2.089623244,0.07015034688,38.49663128,0.2563038641,0.1624045739,0.05455333051,79.56059572,0.1032442153,4.565953616,0.06600040761,2301.574869,1.726983553
38,28.95319609,1194.362395,15843.9494,15881.22483,1628.271085,11282.93158,143366.4048,48834.04982,127852.3616,310207.1154,6004.553681,27715.63078,-3.988362948,0.01008007047,0,-3.329162509,124.0219549,0,-9.061906016,902895.3329,0,-3.636140173,24.92225762,0,-12.42562038,102591.7098,0,-6.870908198,677.8133834,0,-6.398482998,110105.5862,0,-6.450101348,1973570.748,0,-6.246603415,3243.507379,0,-5.624834829,0.01084607934,0,-12.108846,246557.0343,0,-4.975744348,319.6097064,0,-5.883627015,1127.123495,0,3.960993535,91.81561409,0,-5.269951482,199.1470526,0,-8.839623271,72043.56595,0,-8.104239801,14150.18807,-6.679798289,2.961384248,0,-2.760319565,46.46205369,0,-5.516050417,513.2373514,0,-3.708964212,4.369366611,0,-5.338488871,1375947.337,0,18.64331088,0.07629900176,14529.39693,0.2491903717,761.973977,0.0001007052361,1515.489724,286.3245804,0.04177431009,2073.925525,0.02750030531,0.004072428079,8926.211068,258.9973384,0.002311644191,0.0002240695949,0.006158623337,0.002115799705,6.42E-05,686.5403994,10.51878655,28.18278198,3.615968721,3300.473305,0.0002806347316,0.0008592015557,0.008974058458,-11.13526168,6.927902364,-9.491642162,11.41342003,0,-22.96554155,3.939530284,-10.28569071,5.978254321,2.502681211,9.036473543,2.933174993,0.7361296339,3.196099022,3.155203317,1.262208007,52.44140145,27.84480174,32.22901579,1.774518767,0.1945294997,2.128249123,0.04431304196,15.47979707,0.09950496061,94.45749389,1.167728499,0.08287718674,0.09436627082,551.0311866,0.4520703136,133.5428684,0.4693909148,12168.2339,0.739169366
39,40.9243428,1121.66817,16971.13491,10493.3216,3547.830791,9820.36727,162138.5967,52484.4326,94485.61358,453373.9409,5108.45247,26765.50342,-3.936305378,0.01019610904,0,-3.337896222,113.6725192,0,-8.307061827,127.238188,0,-4.565366519,5.558988704,0,-7.133949095,330774.0088,0,-6.778197455,8884.277543,0,-8.637234429,5543017.748,0,-5.567832631,5072214.29,0,-3.735153133,60960.19357,0,-5.56035511,0.01146648226,0,-7.38453172,399511.6829,0,-5.77669339,259.5717343,0,-5.671295225,9957.253109,0,2.010613531,669.1233109,0,-5.087890384,606.5873028,0,-3.891363904,3657.143758,0,-3.526976423,151752.0745,-3.519289698,2.919978862,0,-3.419221448,13.8518498,0,-6.721922919,13.13235603,0,-3.598750048,1.024660949,0,-2.857983018,5276328.543,0,421.0688867,0.3829759805,4204.164954,0.08398273664,135.1327122,0.0001071554654,127.390496,16.14203254,0.004923802314,3752.233431,0.0008755679026,0.0004638385296,12143.64169,72.54946248,0.03399236297,0.01972375675,0.06659405598,0.06080939872,0.03586649073,38046.9078,28058.21458,12.81200608,1.863840232,34886.65239,0.004865323397,0.02254589053,0.05440302634,-11.46952878,10.90834802,-5.984583531,9.537882805,0,-20.74729634,7.042312783,-7.340424519,7.629898069,2.079926679,8.054804682,2.18355348,3.044226441,3.267756343,3.366534219,4.493879474,147.9773123,21.59983916,37.82467222,1.424904995,0.6022992701,1.37443685,0.06263267025,2.839996923,0.09619378987,11.45464504,0.524588403,0.3099935061,0.1267042854,527.8277953,4.254034831,9.467835426,0.1369220975,2113.196734,1.653630189
40,41.52254141,1142.029106,16449.79337,15914.86144,1452.488088,17112.09561,159065.0362,53719.50552,104339.8118,308608.4989,4613.521021,29174.88315,-4.115810798,2.574672181,0,-2.449224713,0.1970964586,0,-8.409357643,1045.730552,0,-4.845695997,9.566658601,0,-8.784749394,287949.4665,0,-6.892645904,158.6472751,0,-8.373559607,8568813.479,0,-8.338058393,7661578.742,0,-5.628534628,23178.06015,0,-5.721893989,0.09333818321,0,-7.975653538,254187.5254,0,-5.806013363,126.6947544,0,-5.675635956,17.12552893,0,6.882007392,1658.702035,0,-3.714432876,87.76037066,0,-3.911998663,46065.88051,0,-6.99820026,858657.977,-7.822674677,6.45707374,0,-3.566912035,44.55540456,0,-6.850796235,24.14271319,0,-3.751524641,2.510422311,0,-2.265659954,1486140.05,0,23884.43047,0.1898051482,29909.89531,0.7154849787,367.268803,0.006392081204,5070.827485,86.15955306,0.0001006651237,7038.507635,0.01809538465,0.0004338632467,6483.803094,865.9149359,1.10E-05,1.04E-06,0.001808131982,0.001276289393,0.001839561381,1575.619165,10.0906623,66724.51869,0.5835986061,4418.483625,0.6900304714,0.02621195398,0.04900405731,-7.657296447,11.48360322,-4.605667342,10.80823726,0,-21.68577546,6.170675791,-7.904112365,-2.566295133,-4.121353296,8.366719299,4.195518381,1.840008367,2.976301638,2.944325227,3.506381103,57.20487917,38.14391388,40.2752313,1.543332339,0.4200547252,1.527942268,0.07148180494,3.993754694,0.09975255008,18.7226667,1.415139025,0.1565361196,0.1065289075,113.1333869,0.5567832288,16.63675662,0.3393255209,13070.68956,5.792356019
41,44.34248291,1430.659963,16620.80294,6399.482686,2465.105896,25676.96523,160935.2173,47544.83041,103162.5857,171994.7857,5579.113015,11921.75578,-5.332804252,9970.179284,0,-3.435215661,68.18896974,0,-3.217877184,1919191.227,0,-4.199972257,1.00882521,0,-10.75634648,369036.8542,0,-6.937473137,2325.072435,0,2.212541784,8419914.476,0,-5.871515132,138524.4964,0,-1.918442926,24207.70119,0,-5.388370088,0.01381205636,0,-7.249976894,322420.8475,0,-5.267206591,221.0445097,0,-5.422984575,1211.546569,0,-2.013307392,1999.403507,0,-4.129004983,98.93053765,0,-6.352448335,644591.7265,0,-3.382757006,1072785.49,-2.142676644,72.95384607,0,-3.006602529,29.25447958,0,-6.015234704,310.1044465,0,-3.374629619,1.970717552,0,-4.564555569,3748968.435,0,16660.57729,0.1053779991,42656.16803,0.009356359399,35.76844694,0.0002057784431,23251.93469,18.12082722,0.00571796225,4119.776065,0.01005894718,0.002533670566,2573.050887,97.52143763,1.05E-05,0.0002797996863,0.0041376365,4.03E-05,0.003262174572,8405.200352,87768.22429,10.69687732,0.02943065085,1257.278821,0.0001223137824,0.02505776339,0.008453888465,-10.8217518,4.820944815,-3.546207162,6.715343993,0,-8.349427596,9.387223617,-5.054421033,9.181152229,9.13029486,-0.536328863,2.634040627,3.997633232,2.986103836,3.045181672,1.21013562,82.01244197,52.55346398,16.36467704,1.184465539,0.409840208,1.166416292,0.09939525261,3.071273021,0.09993410724,26.77195875,1.267819784,0.135482249,0.3204767829,64.81252008,0.7413808163,25.51214338,0.9726363179,3478.422083,2.613809452
42,49.2288405,1226.736166,16981.54045,13086.50718,4561.186652,7034.900488,90528.09493,27704.42683,134933.6176,226953.2581,5946.585372,13020.20429,-4.346338575,0.01001907049,0,-3.351292705,76.44452604,0,-4.632298074,100.0917721,0,-4.747676764,0.02794050774,0,-15.2478547,67501.6745,0,-7.197955701,701.308963,0,-8.8876608,4106722.117,0,-8.314336123,9786151.104,0,-8.858748103,508335.7502,0,-5.993544307,0.01002553682,0,-2.061566244,78661.47363,0,-5.480235787,176.3668228,0,-6.009444743,170.2711571,0,2.022905349,4700.449456,0,-4.373635682,173.5647384,0,-5.01532582,63979.03986,0,-5.801557462,2113.758261,-8.952212705,13.59700904,0,-3.209526158,27.41102451,0,-6.272812544,1026.436338,0,-4.102963502,3.705030251,0,-6.80606521,2833874.596,0,13956.143,0.009918568233,17037.70395,0.281283291,6.047651182,0.0001168446048,1218.242012,63.32761571,0.006206591112,55813.50039,0.09483239658,0.006937017207,1336.097265,257.3083402,0.0007143750286,0.0003553743528,0.008469306982,0.00642308164,2.30E-06,1368.178259,4102.208464,194.6318082,0.1756311086,8101.722647,0.008591066444,0.03354434809,0.05942389724,-11.04488406,11.3385107,-5.195800318,11.50927543,0,-16.91954961,7.936813823,-5.991868346,8.772161524,3.012130343,8.783208121,1.965607117,7.090930548,2.705195917,2.687294901,0.3560057303,163.005537,7.071618096,17.22342963,0.9473782453,0.1208440306,1.656643031,0.05523690945,2.033031377,0.09999995002,30.68560048,0.2335477794,0.1452592694,0.05423494349,174.1979792,0.7360327193,4.592714973,0.01913784681,16495.42065,1.690978951
43,49.70730689,1269.076993,16601.11724,13587.84765,2852.551597,29966.86396,117147.655,40965.18851,82973.75928,444644.6622,5324.582816,19247.21001,-5.425913137,8986.893758,0,-3.371325208,112.5514433,0,-3.341397372,4973243.176,0,-4.345186757,0.6877997261,0,-15.89818369,80287.66369,0,-6.739106487,306.0112265,0,-6.594220101,2610320.197,0,-7.408344058,3247529.769,0,-3.201652111,2893.786524,0,-5.770775776,18.66933928,0,-9.555109285,197426.1202,0,-5.444891342,253.5935418,0,-5.798413504,43.38879784,0,5.658730241,254.6092622,0,-5.150735459,412.9110515,0,-7.8569529,1241442.835,0,-6.747199002,168087.921,-3.168457889,13.26784813,0,-3.124581698,39.35886211,0,-6.003252814,1291.076416,0,-3.828055353,7.840716202,0,-6.111764267,8814442.069,0,32796.31704,0.09359702493,52460.24174,0.5766071948,42.92078962,0.0007554112492,2642.496428,912.261718,0.01882417489,3601.659585,0.03464883279,0.09890097271,208.1402348,360.8906928,0.00545354139,0.001637550874,0.01147045973,0.008239909132,0.0001768572707,1623.397167,13.47416367,19141.01474,2.485711153,1396.238365,0.02643840348,0.02933931394,0.02242307867,-11.32408486,11.38209171,-5.084930732,11.47331709,0,-22.7331632,8.750911784,-5.29770277,-1.113092294,-4.147610272,8.957104113,2.561395204,4.807336394,3.278204485,3.17467067,0.8067229847,91.87947016,60.05193552,25.55394358,1.061172445,0.6016254601,1.657548543,0.06223729078,5.142969377,0.09497223554,28.56143308,0.6171028354,0.1204321462,0.2177959981,745.2403207,2.325523646,4.434559289,0.02346416779,1631.686804,0.4784565229
44,53.02243766,1155.46721,15018.10028,11879.18584,946.6148901,11394.84867,101652.1867,30040.41067,154223.4064,449737.026,5835.596363,13593.00197,-4.305577313,0.02916748401,0,-3.322966969,168.8316494,0,-6.288229,56387.22492,0,-4.485828555,0.03032353101,0,-11.59819029,560372.9451,0,-7.199131559,9884.962554,0,3.293787031,4913648.704,0,-8.692837459,4141502.082,0,-2.993219041,1189.05263,0,-5.921315528,0.03229294831,0,-3.889500659,240142.1228,0,-7.33441307,6.954618842,0,-5.994305598,4243.817464,0,-1.088641928,7390.634799,0,-4.196058259,2185.134768,0,-5.422746631,13898.45005,0,-5.916265713,224596.5943,-3.694748584,1.067655234,0,-3.0837341,36.45878106,0,-6.483947935,94.73851409,0,-4.256079945,3.333874579,0,-4.055638476,552737.3885,0,63923.09843,0.00873533183,81924.79603,0.02496070918,35.41884355,0.8605270794,505.5732943,483.9807664,0.0006121999347,90474.55287,0.1325237123,0.02775567804,2858.322013,8015.090989,0.005592651846,0.0003920508776,0.004274729107,0.005003200652,0.007813597082,277.3903085,375.7240364,48.03195899,0.3742401398,203.7043228,0.0002186750305,0.0887821176,0.07132445935,-9.345243488,11.39386389,-6.09941587,11.40225939,0,-20.38047753,10.55668877,-7.7114441,8.122091687,2.503334691,1.820500837,1.920155375,5.116076073,7.441839448,2.77865182,2.123564542,33.23163885,13.30488018,15.78930668,1.15318067,2.356700733,1.559604649,0.0793383638,1.866465964,0.0991417515,19.3913449,1.2354516,0.1219161626,0.1636477455,54.29709507,0.1870182047,57.10971295,0.007910752843,4093.216151,1.422561971
45,57.54393681,1139.532979,16024.06984,12219.10226,623.5536247,4034.001106,107851.6509,54929.69873,132845.2665,410775.8071,5540.43809,14655.03281,-4.448613653,0.01000349339,0,-2.958963866,189.4621143,0,-8.641208409,356665.2315,0,-4.498159856,1.376732279,0,-8.610793138,29817.77888,0,-7.34691439,887.0979893,0,-7.749681868,777169.8115,0,-6.325794782,4426681.278,0,-4.892657985,521592.4122,0,-6.077513532,0.01070237069,0,-3.37032298,1583863.628,0,-5.483715925,296.6806361,0,-5.665048928,68.51435707,0,4.201596785,9576.344261,0,-4.510405181,1228.389552,0,-1.901396704,4443445.221,0,-6.915505526,599539.2949,-6.647288323,49.80316503,0,-2.735456888,70.11376586,0,-6.600916818,10.61013667,0,-4.274084859,6.556873162,0,-3.142858334,633351.2997,0,2011.297211,0.3849134647,13030.6239,1.251689753,29.64303771,0.0001183014903,17682.04006,871.3153415,0.0005071960607,1165.789052,0.0777222808,0.02260101592,462.4973101,23616.12793,0.0001049010638,0.0001063918277,0.0006343762329,0.0002203287372,0.0003325822498,1777.283913,209.9217558,30104.039,0.02894922488,119.7165566,0.02528307267,0.003305020943,0.03755709809,-6.665511355,11.45195943,-7.124456186,11.42908726,0,-21.91901376,8.558398467,-7.67574307,1.240383782,-4.341594402,8.256353166,1.748851372,3.434617106,2.93040629,2.349896388,3.938488838,18.62292264,11.38568309,19.00771327,1.168199544,0.4155028282,1.974984697,0.05375845183,1.784540406,0.09951804754,5.297035387,0.3420548068,0.4663933416,0.4758400597,370.8243307,0.2055870912,49.95265165,1.268490334,884.6370301,1.08113864
46,66.27096382,1144.839169,16514.51047,19101.14624,2589.276236,7333.136164,83680.8002,72817.34047,152207.321,190377.8892,5988.710323,15274.89445,-4.456677081,0.01000724747,0,-3.244748293,64.07681042,0,-2.199622504,8639171.587,0,-4.08239386,5.073867666,0,-8.63065573,49517.45695,0,-7.385347246,1936.572024,0,-8.3526229,6615960.389,0,-8.86714345,9108980.298,0,-4.308469474,1522.102224,0,-6.097982121,0.01001025887,0,-2.011660821,16633.06695,0,-5.279168126,165.177967,0,-6.125632818,585.9536572,0,2.27946803,1742.358787,0,-4.568832387,270.8903101,0,-4.304102353,18220.40195,0,-8.655007059,4442388.335,-8.463821435,100.7314817,0,-5.037107767,3036.936044,0,-5.74554555,0.04145941016,0,-4.160440862,29.30461216,0,-4.724652787,4811573.509,0,90908.65722,0.09510009906,93008.70758,0.01651340065,413.9265767,0.0001351768058,347.9061559,18384.79227,0.0001048689989,4984.171363,0.008769196611,0.0002941492819,7165.699411,330.7585308,0.007428642337,1.66E-05,0.008363520779,0.001762898129,0.003724004247,15035.34736,392.1606924,10.06878038,1.292328129,685.0540928,0.1701994197,0.03599271634,0.02839871923,-11.46411045,11.48801219,-4.055103468,11.32994209,0,-14.30885945,8.157666889,-1.501257354,1.177727796,2.667941198,-0.3620987814,2.44646911,-2.684600246,3.057728054,4.107038073,2.119666101,80.91689838,19.96073427,34.20108655,2.551514142,0.2631432492,1.663167536,0.07245633181,1.949821232,0.08467634515,5.681774056,2.232192685,0.1602319449,0.1266699034,305.0162094,2.481584029,131.8711601,2.022683215,3246.075412,1.369476181
47,69.89666652,1194.886456,16922.39509,11458.89509,5473.047986,14828.50932,155707.8207,45523.30952,82340.52165,202562.611,5020.327772,19231.75435,-4.097312108,0.01099452554,0,-3.894271846,90.08253154,0,-8.687326906,2532995.609,0,-5.172104138,1.526805667,0,-13.89920348,3020291.919,0,-6.890133844,0.02973179247,0,-8.511819106,9380.696616,0,-8.956758197,9580344.388,0,-7.585602168,38711.36006,0,-5.718374256,0.01080742414,0,-13.53045973,113816.8068,0,-6.208298296,3201.829484,0,-5.364010124,8644.85391,0,-4.57325961,8531.035951,0,-4.238835254,279.0423041,0,-4.539073184,939533.1886,0,-5.900717241,18688.64144,-5.927976558,59.12522757,0,-3.612390066,26.56404445,0,-7.440939707,1.472170843,0,-3.840536141,2.876989512,0,-3.36187906,1841109.949,0,18621.45524,0.007851999203,40345.42567,0.00289078111,360.1118738,0.0004394406524,172.1361747,13.70430979,0.01000099996,78042.84196,0.1735173178,0.006419489225,1469.758457,27.59717438,0.06094855928,2.99E-06,0.02517566813,0.05625131533,0.02024130613,69.12046826,950.910946,324.0661382,0.7740696372,1356.532344,0.0001668426943,0.0110894679,0.02963157463,-10.14029106,11.42331118,-5.30771875,2.957779324,0,-22.06188031,11.42685221,-5.232218184,8.811025282,1.248681974,7.420554154,2.310304578,4.514491994,2.872849023,2.932716552,6.788887389,199.3359916,34.38990529,19.24851707,0.8992813664,0.844782096,1.906236222,0.06725084828,3.604505865,0.0999853894,38.0320618,0.1674463989,0.2537144461,0.4160007748,119.4785999,0.4174310673,10.11477696,0.09955120194,1389.250415,1.086168012
48,71.56927237,1161.033456,15615.12168,14117.03177,6378.055207,23295.07696,110890.7344,31979.12707,144333.2187,295480.4393,6264.440154,24820.51271,-4.348477973,0.01561070957,0,-2.981203169,96.18264883,0,-6.83999893,1995.74728,0,-4.231062949,0.02353603702,0,-9.966997872,23345.09663,0,-7.212072283,1083.408963,0,-8.758084895,1327587.875,0,-9.067916494,5533402.808,0,-7.845128408,5127.51171,0,-5.977319866,0.03024268318,0,-1.24807971,33444.75238,0,-5.343769559,283.1883682,0,-5.793868163,159.8545756,0,4.711566374,992.7677869,0,-4.504006606,367.4657011,0,-7.091619122,79153.90805,0,-6.110703376,110690.0826,-4.205453554,16.36828,0,-3.230128318,56.90132621,0,-5.878136581,0.1275915662,0,-4.163939762,31.19863768,0,-4.851083723,974299.4818,0,101.2492224,0.03894667568,57967.69065,0.02203937726,49.34074335,0.0009833526918,100.532831,4477.199036,0.005166413274,13553.17824,0.1767060883,0.0004763005572,24315.74163,1083.522496,0.0002105641127,0.0001494085049,0.004747027133,0.004399106383,0.002128983635,933.8008704,49.54263987,1970.925046,0.1587417536,209.9968525,0.9709693778,0.6721207672,0.07047642802,-8.572354826,11.42791524,-5.743473291,11.27247664,0,-20.47198656,7.535170608,-4.964825253,3.954355624,5.159064464,5.333086469,2.019082875,5.67426578,2.966068861,3.060492197,3.525962583,210.9331947,37.76771379,26.33195755,1.178853843,0.4086260631,1.748012408,0.06214009856,1.990116907,0.09306032255,17.33992259,0.2945838158,0.114753187,0.1929089167,70.06826582,0.45617441,78.14361476,1.235377388,3188.712812,2.043754157
49,73.08700429,1174.085688,16330.5437,9297.582996,1423.22707,17570.38821,177514.0584,36313.97864,113389.27,343800.7629,4877.023708,5780.360209,-3.864152933,0.01005216276,0,-4.104655297,2588.038723,0,-5.566762351,21851.88541,0,-4.848805491,0.6058598516,0,-13.8903847,265268.1439,0,-6.471896469,0.05370758203,0,-5.121484452,6351817.639,0,-6.617871949,990377.7371,0,-4.328626244,1148.886963,0,-5.483470066,0.01084294303,0,-8.614395244,865068.4926,0,-7.268970902,1.600263964,0,-5.599021085,7027.207634,0,0.8608977793,264.3419593,0,-4.757608921,785.0311157,0,-4.002596577,17671.19437,0,-6.440890586,38083.94824,-3.902131633,3763.268427,0,-2.913692924,23.64506462,0,-7.436086275,3.637293834,0,-3.533412828,1.649504039,0,-3.178786733,151982.14,0,22058.64073,0.06913771856,29242.78983,0.01080757333,5.789854258,0.05904141146,373.7567759,168.0647314,0.06853151254,13790.89868,0.02829262462,0.005292969167,9796.239341,199.8095863,0.02572264457,0.01336561726,0.02653888001,0.06046623071,0.02977102446,960.5241805,2511.723848,10.0006675,0.08913410474,145.0967257,0.0001583023053,0.0006017815911,0.02967842295,-8.933006629,8.182839081,-11.32010773,11.51101353,0,-19.20057043,6.010425547,-10.43640656,4.851435545,-4.006972194,7.210280223,2.768406211,5.950716898,8.72961614,2.834086813,7.088564806,46.54006399,32.06334112,6.787726686,1.208353035,0.2998171305,1.598533657,0.06261454572,3.825146683,0.09988030563,54.24100208,1.122044829,0.1482220043,0.1372660572,170.7634345,0.8161638807,41.02317002,1.283776147,14707.44923,1.602843714