time,modulation_synthesize_pERK_DUSP_ERK,tBRAF,tBRAF600E,tCRAF,tRAFi,bound_RAFi,free_RAFi,bound_CRAF,active_dimer_CRAF,active_dimer_BRAF,active_BRAF_V600E_monomer,unbound_CRAF,bound_BRAF,bound_BRAF_V600E,unbound_BRAF,RAS_bound_CRAF,MEK_bound_CRAF,pCRAF,tMEK,pMEK,tMEKi,tERK,pERK,tDUSP,tmDUSP,synthesize_pERK_DUSP_ERK_kmod,msynthesize_pERK_DUSP_ksyn,tBRAF_obs,tCRAF_obs,tMEK_obs,pMEK_percent,tERK_obs,pERK_percent,tDUSP_obs,tmDUSP_obs,pCRAF_obs,Bound_CRAF_percent,Bound_BRAF_percent,Bound_BRAF_V600E_percent,Bound_RAF_percent,Active_CRAF_percent,Active_BRAF_percent,Active_RAF_percent,tBRAF_test,Mutation,Parameter_set,Drug A,Drug B,Concentration A (uM),Concentration B (uM),Time A (h),Time B (h)
-24.0,0.13365901248825776,0.0020837843010007404,0.0020837843010007404,0.018814719387572423,0.0,0.0,0.0,0.0029937185366408305,0.0029937185366408305,0.0003315629406828997,0.0017522213603178409,0.01582100085093158,0.0003315629406828997,0.0003315629406828997,0.0017522213603178409,0.0,0.016659264535023494,0.016341030462752135,0.19909924984823363,0.05595686040849164,-3.5092255660829414e-22,0.29845516989601506,0.13365901248825776,0.04274209700813184,643.3617968390963,9.65544200093077,879.1899095689874,7.134798606204214,9.335252499709641,11.694416433418223,28.10500815605563,12.099232727019569,44.78361441513175,10.155797303054928,6.466707236043435,0.8685237407019624,15.911576861562198,15.911576861562216,15.911576861562216,15.911576861562201,15.911576861562198,100.00000000000003,24.29601139538922,0.0020837843010007404,BRAF_V600E,13,Belvarafenib,Cobimetinib,0.0,0.5,24,24
-23.510204081632654,0.13365901248629403,0.0020837843010007564,0.0020837843010007564,0.01881471938757241,0.0,0.0,0.0,0.002993718536640832,0.002993718536640832,0.0003315629406829023,0.001752221360317854,0.015821000850931577,0.0003315629406829023,0.0003315629406829023,0.001752221360317854,0.0,0.016659264535023487,0.016341030462720528,0.19909924984823218,0.05595686040849041,-1.9399323724834822e-22,0.29845516989601223,0.13365901248629403,0.042742097009127004,643.3617968531277,9.65544200082024,879.189909558923,7.134798606204222,9.33525249970964,11.694416433418215,28.105008156055217,12.099232727019558,44.78361441447421,10.155797303078211,6.466707236065245,0.8685237407002832,15.911576861562217,15.911576861562216,15.911576861562216,15.911576861562217,15.911576861562217,100.0,24.296011395389296,0.0020837843010007564,BRAF_V600E,13,Belvarafenib,Cobimetinib,0.0,0.5,24,24
-23.020408163265305,0.1336590124848326,0.002083784301000816,0.002083784301000816,0.018814719387572353,0.0,0.0,0.0,0.002993718536640824,0.002993718536640824,0.0003315629406829119,0.001752221360317904,0.015821000850931532,0.0003315629406829119,0.0003315629406829119,0.001752221360317904,0.0,0.016659264535023418,0.016341030462696967,0.19909924984823105,0.05595686040849088,-1.3804777843914532e-22,0.2984551698960106,0.1336590124848326,0.04274209700986576,643.3617968585559,9.655442000737983,879.189909551433,7.13479860620425,9.335252499709636,11.69441643341821,28.10500815605561,12.099232727019553,44.78361441398479,10.155797303095495,6.466707236073682,0.8685237406990334,15.911576861562223,15.911576861562224,15.911576861562224,15.911576861562223,15.911576861562223,100.0,24.296011395389534,0.002083784301000816,BRAF_V600E,13,Belvarafenib,Cobimetinib,0.0,0.5,24,24
-22.53061224489796,0.13365901248337123,0.002083784301000876,0.002083784301000876,0.01881471938757232,0.0,0.0,0.0,0.0029937185366408167,0.0029937185366408167,0.0003315629406829215,0.0017522213603179543,0.015821000850931487,0.0003315629406829215,0.0003315629406829215,0.0017522213603179543,0.0,0.016659264535023352,0.016341030462673406,0.19909924984823,0.055956860408491335,-8.210231962994259e-23,0.29845516989600945,0.13365901248337123,0.042742097010604524,643.3617968639841,9.655442000655727,879.1899095439429,7.134798606204279,9.335252499709634,11.694416433418205,28.10500815605599,12.09923272701955,44.783614413495314,10.155797303112779,6.46670723608212,0.8685237406977827,15.911576861562212,15.911576861562224,15.911576861562224,15.911576861562214,15.911576861562212,99.99999999999999,24.29601139538976,0.002083784301000876,BRAF_V600E,13,Belvarafenib,Cobimetinib,0.0,0.5,24,24
-22.040816326530614,0.13365901248222284,0.0020837843010009303,0.0020837843010009303,0.018814719387572253,0.0,0.0,0.0,0.002993718536640809,0.002993718536640809,0.00033156294068293013,0.0017522213603179992,0.015821000850931445,0.00033156294068293013,0.00033156294068293013,0.0017522213603179992,0.0,0.01665926453502329,0.01634103046265488,0.19909924984822913,0.05595686040849185,-3.8467377491603907e-23,0.2984551698960085,0.13365901248222284,0.042742097011185226,643.3617968681906,9.655442000591089,879.1899095380572,7.1347986062043045,9.33525249970963,11.694416433418201,28.10500815605637,12.099232727019547,44.78361441311068,10.155797303126365,6.4667072360886575,0.868523740696801,15.911576861562226,15.911576861562223,15.911576861562223,15.911576861562224,15.911576861562226,99.99999999999996,24.296011395389993,0.0020837843010009303,BRAF_V600E,13,Belvarafenib,Cobimetinib,0.0,0.5,24,24
-21.551020408163264,0.13365901248215595,0.002083784301000964,0.002083784301000964,0.01881471938757222,0.0,0.0,0.0,0.0029937185366407998,0.0029937185366407998,0.00033156294068293555,0.0017522213603180289,0.015821000850931403,0.00033156294068293555,0.00033156294068293555,0.0017522213603180289,0.0,0.016659264535023238,0.016341030462653762,0.1990992498482291,0.05595686040849253,-3.736189530269684e-23,0.29845516989600934,0.13365901248215595,0.04274209701121992,643.3617968681765,9.655442000587325,879.1899095377145,7.134798606204321,9.335252499709629,11.6944164334182,28.105008156056716,12.09923272701955,44.783614413088145,10.155797303127176,6.466707236088635,0.8685237406967431,15.911576861562205,15.911576861562224,15.911576861562224,15.911576861562207,15.911576861562205,100.00000000000003,24.29601139539011,0.002083784301000964,BRAF_V600E,13,Belvarafenib,Cobimetinib,0.0,0.5,24,24
-21.06122448979592,0.133659012482089,0.0020837843010010006,0.0020837843010010006,0.018814719387572156,0.0,0.0,0.0,0.002993718536640791,0.002993718536640791,0.00033156294068294114,0.001752221360318059,0.015821000850931365,0.00033156294068294114,0.00033156294068294114,0.001752221360318059,0.0,0.016659264535023182,0.016341030462652634,0.19909924984822894,0.055956860408493195,-3.625641311378973e-23,0.29845516989601,0.133659012482089,0.0427420970112546,643.3617968681624,9.655442000583555,879.1899095373712,7.134798606204338,9.335252499709625,11.6944164334182,28.10500815605707,12.099232727019551,44.783614413065614,10.155797303127988,6.466707236088614,0.8685237406966863,15.911576861562214,15.911576861562216,15.911576861562216,15.911576861562214,15.911576861562214,99.99999999999999,24.296011395390273,0.0020837843010010006,BRAF_V600E,13,Belvarafenib,Cobimetinib,0.0,0.5,24,24
-20.571428571428573,0.1336590124820221,0.0020837843010010353,0.0020837843010010353,0.018814719387572107,0.0,0.0,0.0,0.0029937185366407824,0.0029937185366407824,0.00033156294068294656,0.0017522213603180887,0.01582100085093133,0.00033156294068294656,0.00033156294068294656,0.0017522213603180887,0.0,0.01665926453502313,0.016341030462651517,0.19909924984822888,0.05595686040849386,-3.5150930924882695e-23,0.2984551698960111,0.1336590124820221,0.042742097011289296,643.3617968681484,9.655442000579791,879.1899095370285,7.134798606204355,9.335252499709624,11.6944164334182,28.105008156057416,12.099232727019555,44.78361441304304,10.1557973031288,6.466707236088592,0.8685237406966291,15.91157686156221,15.91157686156221,15.91157686156221,15.911576861562208,15.91157686156221,100.0,24.296011395390423,0.0020837843010010353,BRAF_V600E,13,Belvarafenib,Cobimetinib,0.0,0.5,24,24
-20.081632653061224,0.1336590124819552,0.002083784301001069,0.002083784301001069,0.018814719387572062,0.0,0.0,0.0,0.0029937185366407733,0.0029937185366407733,0.00033156294068295203,0.0017522213603181182,0.01582100085093129,0.00033156294068295203,0.00033156294068295203,0.0017522213603181182,0.0,0.01665926453502308,0.016341030462650404,0.19909924984822883,0.05595686040849454,-3.404544873597562e-23,0.29845516989601195,0.1336590124819552,0.04274209701132398,643.3617968681343,9.655442000576025,879.1899095366856,7.134798606204371,9.335252499709622,11.6944164334182,28.105008156057767,12.099232727019558,44.78361441302049,10.155797303129612,6.4667072360885705,0.868523740696572,15.911576861562198,15.911576861562216,15.911576861562216,15.911576861562201,15.911576861562198,100.00000000000006,24.296011395390558,0.002083784301001069,BRAF_V600E,13,Belvarafenib,Cobimetinib,0.0,0.5,24,24
-19.591836734693878,0.13365901248188827,0.0020837843010011047,0.0020837843010011047,0.018814719387572013,0.0,0.0,0.0,0.002993718536640764,0.002993718536640764,0.0003315629406829575,0.0017522213603181481,0.01582100085093125,0.0003315629406829575,0.0003315629406829575,0.0017522213603181481,0.0,0.01665926453502303,0.016341030462649286,0.19909924984822877,0.05595686040849521,-3.293996654706852e-23,0.2984551698960128,0.13365901248188827,0.04274209701135868,643.3617968681202,9.655442000572258,879.1899095363426,7.134798606204389,9.335252499709618,11.6944164334182,28.10500815605811,12.099232727019562,44.78361441299794,10.155797303130424,6.466707236088548,0.8685237406965148,15.911576861562192,15.911576861562207,15.911576861562207,15.911576861562192,15.911576861562192,100.00000000000004,24.296011395390696,0.0020837843010011047,BRAF_V600E,13,Belvarafenib,Cobimetinib,0.0,0.5,24,24
-19.10204081632653,0.13365901248182133,0.0020837843010011415,0.0020837843010011415,0.01881471938757197,0.0,0.0,0.0,0.0029937185366407564,0.0029937185366407564,0.00033156294068296293,0.001752221360318178,0.015821000850931213,0.00033156294068296293,0.00033156294068296293,0.001752221360318178,0.0,0.01665926453502297,0.01634103046264816,0.1990992498482287,0.05595686040849588,-3.1834484358161424e-23,0.29845516989601373,0.13365901248182133,0.04274209701139336,643.3617968681061,9.655442000568488,879.1899095359993,7.134798606204407,9.335252499709616,11.694416433418198,28.10500815605846,12.099232727019563,44.783614412975375,10.155797303131235,6.466707236088526,0.8685237406964569,15.911576861562185,15.911576861562185,15.911576861562185,15.911576861562185,15.911576861562185,99.99999999999999,24.29601139539084,0.0020837843010011415,BRAF_V600E,13,Belvarafenib,Cobimetinib,0.0,0.5,24,24
-18.612244897959183,0.13365901248175444,0.0020837843010011762,0.0020837843010011762,0.018814719387571927,0.0,0.0,0.0,0.002993718536640747,0.002993718536640747,0.00033156294068296835,0.0017522213603182078,0.015821000850931174,0.00033156294068296835,0.00033156294068296835,0.0017522213603182078,0.0,0.016659264535022922,0.016341030462647045,0.19909924984822863,0.05595686040849655,-3.072900216925431e-23,0.29845516989601467,0.13365901248175444,0.04274209701142805,643.361796868092,9.655442000564726,879.1899095356567,7.134798606204423,9.335252499709615,11.694416433418198,28.1050081560588,12.099232727019567,44.783614412952815,10.155797303132047,6.466707236088505,0.8685237406963997,15.911576861562175,15.91157686156218,15.91157686156218,15.911576861562171,15.911576861562175,100.0,24.296011395390966,0.0020837843010011762,BRAF_V600E,13,Belvarafenib,Cobimetinib,0.0,0.5,24,24
-18.122448979591837,0.13365901248168752,0.002083784301001212,0.002083784301001212,0.018814719387571868,0.0,0.0,0.0,0.002993718536640738,0.002993718536640738,0.000331562940682974,0.0017522213603182377,0.015821000850931133,0.000331562940682974,0.000331562940682974,0.0017522213603182377,0.0,0.016659264535022866,0.016341030462645928,0.19909924984822852,0.05595686040849722,-2.9623519980347266e-23,0.29845516989601556,0.13365901248168752,0.04274209701146274,643.361796868078,9.655442000560958,879.1899095353136,7.13479860620444,9.335252499709611,11.694416433418198,28.105008156059153,12.09923272701957,44.78361441293026,10.155797303132859,6.4667072360884825,0.8685237406963431,15.911576861562176,15.911576861562178,15.911576861562178,15.911576861562176,15.911576861562176,100.0,24.296011395391123,0.002083784301001212,BRAF_V600E,13,Belvarafenib,Cobimetinib,0.0,0.5,24,24
-17.632653061224488,0.1336590124816206,0.0020837843010012465,0.0020837843010012465,0.018814719387571836,0.0,0.0,0.0,0.0029937185366407295,0.0029937185366407295,0.00033156294068297935,0.0017522213603182672,0.015821000850931095,0.00033156294068297935,0.00033156294068297935,0.0017522213603182672,0.0,0.01665926453502282,0.01634103046264481,0.19909924984822858,0.05595686040849789,-2.8518037791440183e-23,0.2984551698960164,0.1336590124816206,0.04274209701149743,643.361796868064,9.65544200055719,879.1899095349706,7.134798606204456,9.33525249970961,11.694416433418198,28.105008156059483,12.099232727019572,44.78361441290772,10.155797303133669,6.46670723608846,0.8685237406962851,15.911576861562155,15.91157686156217,15.91157686156217,15.911576861562159,15.911576861562155,100.0,24.296011395391247,0.0020837843010012465,BRAF_V600E,13,Belvarafenib,Cobimetinib,0.0,0.5,24,24
-17.142857142857142,0.13365901248155368,0.002083784301001282,0.002083784301001282,0.018814719387571788,0.0,0.0,0.0,0.00299371853664072,0.00299371853664072,0.00033156294068298467,0.001752221360318297,0.015821000850931057,0.00033156294068298467,0.00033156294068298467,0.001752221360318297,0.0,0.016659264535022766,0.016341030462643687,0.19909924984822833,0.055956860408498565,-2.7412555602533095e-23,0.2984551698960173,0.13365901248155368,0.042742097011532115,643.3617968680499,9.655442000553425,879.1899095346278,7.134798606204474,9.335252499709608,11.694416433418196,28.105008156059856,12.099232727019576,44.78361441288516,10.15579730313448,6.466707236088439,0.8685237406962276,15.911576861562146,15.911576861562155,15.911576861562155,15.91157686156215,15.911576861562146,99.99999999999997,24.296011395391385,0.002083784301001282,BRAF_V600E,13,Belvarafenib,Cobimetinib,0.0,0.5,24,24
-16.653061224489797,0.13365901248148676,0.002083784301001318,0.002083784301001318,0.018814719387571736,0.0,0.0,0.0,0.0029937185366407113,0.0029937185366407113,0.0003315629406829902,0.001752221360318327,0.01582100085093102,0.0003315629406829902,0.0003315629406829902,0.001752221360318327,0.0,0.01665926453502271,0.016341030462642563,0.19909924984822835,0.05595686040849923,-2.6307073413625986e-23,0.2984551698960182,0.13365901248148676,0.04274209701156681,643.3617968680358,9.655442000549659,879.1899095342848,7.134798606204491,9.335252499709604,11.694416433418196,28.105008156060187,12.09923272701958,44.78361441286259,10.155797303135293,6.466707236088417,0.8685237406961703,15.911576861562146,15.911576861562146,15.911576861562146,15.911576861562144,15.911576861562146,99.99999999999996,24.296011395391528,0.002083784301001318,BRAF_V600E,13,Belvarafenib,Cobimetinib,0.0,0.5,24,24
-16.163265306122447,0.13365901248141984,0.002083784301001353,0.002083784301001353,0.01881471938757168,0.0,0.0,0.0,0.002993718536640702,0.002993718536640702,0.00033156294068299567,0.0017522213603183567,0.01582100085093098,0.00033156294068299567,0.00033156294068299567,0.0017522213603183567,0.0,0.01665926453502266,0.016341030462641445,0.19909924984822816,0.0559568604084999,-2.520159122471891e-23,0.29845516989601906,0.13365901248141984,0.042742097011601504,643.3617968680217,9.655442000545893,879.1899095339419,7.134798606204508,9.3352524997096,11.694416433418196,28.10500815606055,12.099232727019581,44.783614412840045,10.155797303136104,6.466707236088395,0.8685237406961135,15.911576861562143,15.911576861562141,15.911576861562141,15.911576861562143,15.911576861562143,99.99999999999996,24.296011395391673,0.002083784301001353,BRAF_V600E,13,Belvarafenib,Cobimetinib,0.0,0.5,24,24
-15.673469387755102,0.13365901248135292,0.002083784301001388,0.002083784301001388,0.01881471938757162,0.0,0.0,0.0,0.0029937185366406935,0.0029937185366406935,0.0003315629406830012,0.0017522213603183862,0.01582100085093094,0.0003315629406830012,0.0003315629406830012,0.0017522213603183862,0.0,0.01665926453502261,0.01634103046264033,0.19909924984822816,0.05595686040850058,-2.409610903581182e-23,0.29845516989601983,0.13365901248135292,0.042742097011636185,643.3617968680076,9.655442000542125,879.1899095335988,7.134798606204525,9.335252499709599,11.694416433418196,28.105008156060894,12.099232727019585,44.78361441281751,10.155797303136916,6.466707236088373,0.8685237406960569,15.91157686156215,15.91157686156214,15.91157686156214,15.911576861562148,15.91157686156215,99.99999999999997,24.29601139539183,0.002083784301001388,BRAF_V600E,13,Belvarafenib,Cobimetinib,0.0,0.5,24,24
-15.183673469387756,0.13365901248128603,0.0020837843010014226,0.0020837843010014226,0.018814719387571583,0.0,0.0,0.0,0.0029937185366406844,0.0029937185366406844,0.00033156294068300657,0.0017522213603184161,0.0158210008509309,0.00033156294068300657,0.00033156294068300657,0.0017522213603184161,0.0,0.016659264535022554,0.016341030462639204,0.19909924984822808,0.055956860408501244,-2.299062684690474e-23,0.29845516989602094,0.13365901248128603,0.04274209701167088,643.3617968679936,9.65544200053836,879.1899095332559,7.134798606204541,9.335252499709595,11.694416433418196,28.105008156061242,12.099232727019588,44.78361441279493,10.155797303137728,6.466707236088351,0.8685237406959989,15.911576861562132,15.911576861562134,15.911576861562134,15.911576861562132,15.911576861562132,100.0,24.29601139539196,0.0020837843010014226,BRAF_V600E,13,Belvarafenib,Cobimetinib,0.0,0.5,24,24
-14.693877551020408,0.13365901248121909,0.0020837843010014577,0.0020837843010014577,0.018814719387571545,0.0,0.0,0.0,0.002993718536640676,0.002993718536640676,0.0003315629406830121,0.0017522213603184463,0.015821000850930862,0.0003315629406830121,0.0003315629406830121,0.0017522213603184463,0.0,0.016659264535022502,0.016341030462638087,0.19909924984822802,0.055956860408501924,-2.188514465799766e-23,0.2984551698960218,0.13365901248121909,0.04274209701170557,643.3617968679795,9.655442000534594,879.189909532913,7.1347986062045585,9.335252499709593,11.694416433418194,28.105008156061587,12.099232727019592,44.78361441277237,10.15579730313854,6.46670723608833,0.8685237406959413,15.91157686156212,15.911576861562128,15.911576861562128,15.911576861562121,15.91157686156212,100.00000000000004,24.2960113953921,0.0020837843010014577,BRAF_V600E,13,Belvarafenib,Cobimetinib,0.0,0.5,24,24
-14.204081632653061,0.13365901248115217,0.002083784301001493,0.002083784301001493,0.018814719387571482,0.0,0.0,0.0,0.002993718536640667,0.002993718536640667,0.00033156294068301757,0.001752221360318476,0.015821000850930824,0.00033156294068301757,0.00033156294068301757,0.001752221360318476,0.0,0.016659264535022447,0.016341030462636966,0.1990992498482279,0.05595686040850259,-2.0779662469090572e-23,0.29845516989602255,0.13365901248115217,0.042742097011740254,643.3617968679654,9.655442000530824,879.1899095325698,7.1347986062045745,9.33525249970959,11.694416433418194,28.10500815606194,12.099232727019594,44.783614412749834,10.155797303139352,6.4667072360883076,0.8685237406958846,15.911576861562125,15.911576861562123,15.911576861562123,15.911576861562127,15.911576861562125,100.00000000000004,24.296011395392252,0.002083784301001493,BRAF_V600E,13,Belvarafenib,Cobimetinib,0.0,0.5,24,24
-13.714285714285715,0.13365901248108525,0.0020837843010015275,0.0020837843010015275,0.01881471938757144,0.0,0.0,0.0,0.0029937185366406584,0.0029937185366406584,0.000331562940683023,0.001752221360318506,0.015821000850930786,0.000331562940683023,0.000331562940683023,0.001752221360318506,0.0,0.016659264535022398,0.016341030462635842,0.19909924984822788,0.05595686040850326,-1.967418028018348e-23,0.29845516989602344,0.13365901248108525,0.04274209701177494,643.3617968679513,9.655442000527058,879.1899095322269,7.134798606204591,9.335252499709588,11.694416433418194,28.10500815606228,12.099232727019597,44.78361441272728,10.155797303140162,6.466707236088285,0.8685237406958267,15.911576861562112,15.911576861562118,15.911576861562118,15.911576861562112,15.911576861562112,100.00000000000007,24.296011395392387,0.0020837843010015275,BRAF_V600E,13,Belvarafenib,Cobimetinib,0.0,0.5,24,24
-13.224489795918368,0.13365901248101836,0.0020837843010015626,0.0020837843010015626,0.0188147193875714,0.0,0.0,0.0,0.0029937185366406497,0.0029937185366406497,0.0003315629406830284,0.0017522213603185354,0.015821000850930748,0.0003315629406830284,0.0003315629406830284,0.0017522213603185354,0.0,0.016659264535022342,0.016341030462634725,0.19909924984822777,0.055956860408503936,-1.856869809127642e-23,0.2984551698960244,0.13365901248101836,0.042742097011809636,643.3617968679372,9.655442000523294,879.1899095318842,7.134798606204608,9.335252499709586,11.694416433418194,28.105008156062635,12.099232727019599,44.78361441270472,10.155797303140973,6.466707236088264,0.8685237406957693,15.911576861562104,15.911576861562109,15.911576861562109,15.911576861562105,15.911576861562104,100.00000000000006,24.296011395392526,0.0020837843010015626,BRAF_V600E,13,Belvarafenib,Cobimetinib,0.0,0.5,24,24
-12.73469387755102,0.13365901248095144,0.0020837843010016,0.0020837843010016,0.018814719387571344,0.0,0.0,0.0,0.00299371853664064,0.00299371853664064,0.00033156294068303384,0.0017522213603185653,0.01582100085093071,0.00033156294068303384,0.00033156294068303384,0.0017522213603185653,0.0,0.016659264535022287,0.016341030462633604,0.19909924984822763,0.0559568604085046,-1.7463215902369307e-23,0.29845516989602533,0.13365901248095144,0.042742097011844324,643.3617968679231,9.655442000519528,879.1899095315412,7.134798606204626,9.335252499709583,11.694416433418192,28.10500815606299,12.099232727019603,44.78361441268216,10.155797303141785,6.466707236088242,0.8685237406957123,15.911576861562098,15.911576861562088,15.911576861562088,15.911576861562096,15.911576861562098,99.99999999999996,24.296011395392668,0.0020837843010016,BRAF_V600E,13,Belvarafenib,Cobimetinib,0.0,0.5,24,24
-12.244897959183675,0.13365901248088452,0.002083784301001634,0.002083784301001634,0.01881471938757129,0.0,0.0,0.0,0.0029937185366406315,0.0029937185366406315,0.00033156294068303937,0.001752221360318595,0.015821000850930668,0.00033156294068303937,0.00033156294068303937,0.001752221360318595,0.0,0.016659264535022228,0.016341030462632484,0.19909924984822763,0.055956860408505275,-1.6357733713462225e-23,0.2984551698960262,0.13365901248088452,0.04274209701187901,643.3617968679091,9.65544200051576,879.1899095311982,7.134798606204643,9.335252499709581,11.694416433418192,28.105008156063324,12.099232727019606,44.78361441265961,10.155797303142597,6.46670723608822,0.8685237406956552,15.911576861562096,15.91157686156209,15.91157686156209,15.911576861562096,15.911576861562096,100.0,24.296011395392814,0.002083784301001634,BRAF_V600E,13,Belvarafenib,Cobimetinib,0.0,0.5,24,24
-11.755102040816327,0.13365901248081757,0.002083784301001669,0.002083784301001669,0.01881471938757126,0.0,0.0,0.0,0.002993718536640623,0.002993718536640623,0.0003315629406830449,0.001752221360318625,0.015821000850930633,0.0003315629406830449,0.0003315629406830449,0.001752221360318625,0.0,0.01665926453502219,0.01634103046263137,0.19909924984822755,0.05595686040850594,-1.5252251524555125e-23,0.29845516989602694,0.13365901248081757,0.0427420970119137,643.361796867895,9.655442000511991,879.189909530855,7.134798606204659,9.33525249970958,11.694416433418192,28.10500815606367,12.099232727019608,44.78361441263707,10.155797303143409,6.466707236088198,0.8685237406955973,15.911576861562077,15.911576861562091,15.911576861562091,15.911576861562079,15.911576861562077,100.00000000000004,24.296011395392938,0.002083784301001669,BRAF_V600E,13,Belvarafenib,Cobimetinib,0.0,0.5,24,24
-11.26530612244898,0.13365901248075068,0.0020837843010017044,0.0020837843010017044,0.01881471938757121,0.0,0.0,0.0,0.002993718536640614,0.002993718536640614,0.00033156294068305037,0.0017522213603186545,0.01582100085093059,0.00033156294068305037,0.00033156294068305037,0.0017522213603186545,0.0,0.01665926453502213,0.016341030462630246,0.19909924984822747,0.055956860408506615,-1.414676933564805e-23,0.29845516989602794,0.13365901248075068,0.04274209701194839,643.3617968678809,9.655442000508227,879.1899095305122,7.134798606204677,9.335252499709576,11.694416433418192,28.10500815606402,12.099232727019611,44.78361441261451,10.15579730314422,6.466707236088176,0.8685237406955401,15.911576861562077,15.911576861562082,15.911576861562082,15.911576861562075,15.911576861562077,100.00000000000001,24.296011395393087,0.0020837843010017044,BRAF_V600E,13,Belvarafenib,Cobimetinib,0.0,0.5,24,24
-10.775510204081632,0.13365901248068376,0.0020837843010017387,0.0020837843010017387,0.018814719387571163,0.0,0.0,0.0,0.0029937185366406055,0.0029937185366406055,0.0003315629406830558,0.0017522213603186844,0.015821000850930553,0.0003315629406830558,0.0003315629406830558,0.0017522213603186844,0.0,0.01665926453502208,0.01634103046262913,0.19909924984822733,0.05595686040850728,-1.3041287146740969e-23,0.2984551698960288,0.13365901248068376,0.04274209701198308,643.3617968678668,9.655442000504461,879.1899095301693,7.134798606204693,9.335252499709574,11.694416433418192,28.105008156064375,12.099232727019615,44.78361441259195,10.155797303145032,6.466707236088154,0.8685237406954828,15.911576861562068,15.91157686156208,15.91157686156208,15.911576861562068,15.911576861562068,100.00000000000007,24.296011395393226,0.0020837843010017387,BRAF_V600E,13,Belvarafenib,Cobimetinib,0.0,0.5,24,24
-10.285714285714286,0.13365901248061685,0.0020837843010017747,0.0020837843010017747,0.018814719387571118,0.0,0.0,0.0,0.0029937185366405964,0.0029937185366405964,0.00033156294068306127,0.0017522213603187143,0.015821000850930515,0.00033156294068306127,0.00033156294068306127,0.0017522213603187143,0.0,0.016659264535022027,0.01634103046262801,0.19909924984822733,0.05595686040850796,-1.1935804957833878e-23,0.2984551698960296,0.13365901248061685,0.04274209701201777,643.3617968678527,9.655442000500694,879.1899095298262,7.13479860620471,9.33525249970957,11.694416433418192,28.10500815606472,12.099232727019617,44.78361441256941,10.155797303145844,6.466707236088133,0.8685237406954255,15.911576861562057,15.911576861562068,15.911576861562068,15.911576861562057,15.911576861562057,100.00000000000004,24.29601139539336,0.0020837843010017747,BRAF_V600E,13,Belvarafenib,Cobimetinib,0.0,0.5,24,24
-9.795918367346939,0.13365901248054993,0.00208378430100181,0.00208378430100181,0.018814719387571063,0.0,0.0,0.0,0.0029937185366405872,0.0029937185366405872,0.00033156294068306663,0.001752221360318744,0.015821000850930474,0.00033156294068306663,0.00033156294068306663,0.001752221360318744,0.0,0.016659264535021968,0.016341030462626888,0.19909924984822727,0.05595686040850863,-1.0830322768926788e-23,0.2984551698960306,0.13365901248054993,0.04274209701205246,643.3617968678387,9.655442000496926,879.1899095294831,7.134798606204727,9.335252499709568,11.69441643341819,28.10500815606506,12.09923272701962,44.78361441254684,10.155797303146656,6.46670723608811,0.8685237406953683,15.911576861562056,15.911576861562057,15.911576861562057,15.911576861562056,15.911576861562056,100.00000000000004,24.29601139539351,0.00208378430100181,BRAF_V600E,13,Belvarafenib,Cobimetinib,0.0,0.5,24,24
-9.306122448979592,0.133659012480483,0.0020837843010018454,0.0020837843010018454,0.018814719387571024,0.0,0.0,0.0,0.0029937185366405786,0.0029937185366405786,0.0003315629406830721,0.0017522213603187735,0.015821000850930435,0.0003315629406830721,0.0003315629406830721,0.0017522213603187735,0.0,0.01665926453502192,0.016341030462625767,0.19909924984822713,0.05595686040850929,-9.724840580019716e-24,0.2984551698960315,0.133659012480483,0.04274209701208715,643.3617968678246,9.655442000493162,879.1899095291403,7.134798606204744,9.335252499709567,11.69441643341819,28.105008156065416,12.099232727019624,44.78361441252429,10.155797303147468,6.466707236088089,0.8685237406953105,15.91157686156204,15.911576861562049,15.911576861562049,15.911576861562041,15.91157686156204,100.00000000000003,24.296011395393638,0.0020837843010018454,BRAF_V600E,13,Belvarafenib,Cobimetinib,0.0,0.5,24,24
-8.816326530612246,0.1336590124804161,0.0020837843010018805,0.0020837843010018805,0.018814719387570976,0.0,0.0,0.0,0.00299371853664057,0.00299371853664057,0.0003315629406830777,0.0017522213603188036,0.015821000850930397,0.0003315629406830777,0.0003315629406830777,0.0017522213603188036,0.0,0.016659264535021864,0.016341030462624646,0.19909924984822708,0.05595686040850997,-8.619358391112628e-24,0.2984551698960322,0.1336590124804161,0.04274209701212184,643.3617968678105,9.655442000489392,879.1899095287971,7.134798606204761,9.335252499709563,11.69441643341819,28.10500815606576,12.099232727019626,44.78361441250176,10.155797303148278,6.466707236088067,0.8685237406952532,15.911576861562036,15.91157686156205,15.91157686156205,15.911576861562034,15.911576861562036,100.00000000000004,24.296011395393784,0.0020837843010018805,BRAF_V600E,13,Belvarafenib,Cobimetinib,0.0,0.5,24,24
-8.326530612244898,0.13365901248034917,0.0020837843010019157,0.0020837843010019157,0.01881471938757092,0.0,0.0,0.0,0.002993718536640561,0.002993718536640561,0.0003315629406830831,0.0017522213603188334,0.01582100085093036,0.0003315629406830831,0.0003315629406830831,0.0017522213603188334,0.0,0.016659264535021815,0.01634103046262353,0.19909924984822708,0.05595686040851064,-7.513876202205541e-24,0.29845516989603327,0.13365901248034917,0.042742097012156526,643.3617968677964,9.655442000485627,879.1899095284542,7.134798606204778,9.335252499709561,11.69441643341819,28.105008156066095,12.09923272701963,44.783614412479174,10.15579730314909,6.466707236088045,0.8685237406951963,15.911576861562034,15.911576861562041,15.911576861562041,15.911576861562034,15.911576861562034,100.00000000000004,24.29601139539393,0.0020837843010019157,BRAF_V600E,13,Belvarafenib,Cobimetinib,0.0,0.5,24,24
-7.836734693877553,0.13365901248028228,0.002083784301001951,0.002083784301001951,0.01881471938757088,0.0,0.0,0.0,0.0029937185366405517,0.0029937185366405517,0.00033156294068308853,0.001752221360318863,0.01582100085093032,0.00033156294068308853,0.00033156294068308853,0.001752221360318863,0.0,0.01665926453502176,0.01634103046262241,0.19909924984822702,0.05595686040851132,-6.408394013298457e-24,0.29845516989603404,0.13365901248028228,0.04274209701219122,643.3617968677823,9.655442000481862,879.1899095281115,7.134798606204795,9.335252499709558,11.69441643341819,28.105008156066447,12.099232727019633,44.78361441245665,10.155797303149901,6.466707236088023,0.8685237406951387,15.911576861562022,15.911576861562029,15.911576861562029,15.911576861562022,15.911576861562022,100.00000000000001,24.296011395394064,0.002083784301001951,BRAF_V600E,13,Belvarafenib,Cobimetinib,0.0,0.5,24,24
-7.346938775510203,0.13365901248021533,0.0020837843010019868,0.0020837843010019868,0.018814719387570827,0.0,0.0,0.0,0.002993718536640543,0.002993718536640543,0.00033156294068309406,0.0017522213603188928,0.01582100085093028,0.00033156294068309406,0.00033156294068309406,0.0017522213603188928,0.0,0.01665926453502171,0.016341030462621295,0.1990992498482269,0.055956860408511985,-5.302911824391368e-24,0.29845516989603504,0.13365901248021533,0.04274209701222591,643.3617968677682,9.655442000478095,879.1899095277685,7.134798606204812,9.335252499709556,11.694416433418189,28.1050081560668,12.099232727019636,44.78361441243407,10.155797303150713,6.466707236088001,0.8685237406950819,15.911576861562018,15.911576861562024,15.911576861562024,15.911576861562022,15.911576861562018,100.0,24.296011395394206,0.0020837843010019868,BRAF_V600E,13,Belvarafenib,Cobimetinib,0.0,0.5,24,24
-6.857142857142858,0.13365901248014841,0.0020837843010020215,0.0020837843010020215,0.018814719387570775,0.0,0.0,0.0,0.0029937185366405343,0.0029937185366405343,0.00033156294068309943,0.0017522213603189225,0.015821000850930245,0.00033156294068309943,0.00033156294068309943,0.0017522213603189225,0.0,0.016659264535021655,0.016341030462620178,0.19909924984822688,0.05595686040851266,-4.197429635484286e-24,0.29845516989603577,0.13365901248014841,0.042742097012260595,643.3617968677543,9.655442000474327,879.1899095274254,7.1347986062048285,9.335252499709553,11.694416433418189,28.10500815606714,12.099232727019638,44.78361441241154,10.155797303151525,6.466707236087979,0.8685237406950249,15.911576861562018,15.911576861562017,15.911576861562017,15.911576861562018,15.911576861562018,100.00000000000001,24.296011395394356,0.0020837843010020215,BRAF_V600E,13,Belvarafenib,Cobimetinib,0.0,0.5,24,24
-6.367346938775512,0.1336590124800815,0.0020837843010020583,0.0020837843010020583,0.018814719387570723,0.0,0.0,0.0,0.0029937185366405257,0.0029937185366405257,0.00033156294068310496,0.0017522213603189524,0.015821000850930203,0.00033156294068310496,0.00033156294068310496,0.0017522213603189524,0.0,0.016659264535021607,0.016341030462619054,0.19909924984822686,0.055956860408513324,-3.0919474465772024e-24,0.2984551698960367,0.1336590124800815,0.04274209701229528,643.3617968677402,9.655442000470561,879.1899095270825,7.134798606204846,9.33525249970955,11.694416433418189,28.10500815606748,12.099232727019642,44.78361441238898,10.155797303152337,6.466707236087958,0.8685237406949676,15.911576861562015,15.911576861562,15.911576861562,15.911576861562013,15.911576861562015,99.99999999999996,24.296011395394505,0.0020837843010020583,BRAF_V600E,13,Belvarafenib,Cobimetinib,0.0,0.5,24,24
-5.877551020408163,0.1336590124800146,0.002083784301002092,0.002083784301002092,0.018814719387570674,0.0,0.0,0.0,0.002993718536640517,0.002993718536640517,0.0003315629406831105,0.0017522213603189823,0.015821000850930165,0.0003315629406831105,0.0003315629406831105,0.0017522213603189823,0.0,0.016659264535021548,0.01634103046261793,0.19909924984822674,0.055956860408514,-1.9864652576701116e-24,0.29845516989603743,0.1336590124800146,0.04274209701232998,643.3617968677261,9.655442000466795,879.1899095267396,7.134798606204862,9.335252499709547,11.694416433418189,28.10500815606783,12.099232727019643,44.783614412366454,10.155797303153149,6.466707236087935,0.8685237406949101,15.911576861562011,15.911576861562006,15.911576861562006,15.911576861562008,15.911576861562011,100.00000000000003,24.296011395394647,0.002083784301002092,BRAF_V600E,13,Belvarafenib,Cobimetinib,0.0,0.5,24,24
-5.387755102040817,0.13365901247994766,0.0020837843010021277,0.0020837843010021277,0.01881471938757064,0.0,0.0,0.0,0.0029937185366405075,0.0029937185366405075,0.0003315629406831158,0.001752221360319012,0.015821000850930127,0.0003315629406831158,0.0003315629406831158,0.001752221360319012,0.0,0.0166592645350215,0.016341030462616812,0.19909924984822672,0.055956860408514664,-8.809830687630291e-25,0.2984551698960383,0.13365901247994766,0.042742097012364665,643.361796867712,9.65544200046303,879.1899095263966,7.13479860620488,9.335252499709545,11.694416433418189,28.105008156068173,12.099232727019647,44.78361441234389,10.15579730315396,6.466707236087913,0.8685237406948523,15.911576861561988,15.91157686156199,15.91157686156199,15.91157686156199,15.911576861561988,100.0,24.296011395394768,0.0020837843010021277,BRAF_V600E,13,Belvarafenib,Cobimetinib,0.0,0.5,24,24
-4.897959183673471,0.13365901247994047,0.0020837843010021034,0.0020837843010021034,0.01881471938757071,0.0,0.0,0.0,0.002993718536640522,0.002993718536640522,0.00033156294068311244,0.001752221360318991,0.015821000850930175,0.00033156294068311244,0.00033156294068311244,0.001752221360318991,0.0,0.016659264535021555,0.01634103046261675,0.19909924984822636,0.055956860408514095,-7.7049544284928235e-25,0.29845516989603865,0.13365901247994047,0.04274209701236806,643.3617968677082,9.655442000462623,879.1899095263595,7.134798606204868,9.335252499709549,11.694416433418187,28.105008156067935,12.099232727019647,44.783614412341436,10.155797303154039,6.466707236087908,0.8685237406948458,15.91157686156201,15.911576861562013,15.911576861562013,15.911576861562011,15.91157686156201,100.0,24.296011395394668,0.0020837843010021034,BRAF_V600E,13,Belvarafenib,Cobimetinib,0.0,0.5,24,24
-4.408163265306122,0.13365901247993975,0.002083784301002072,0.002083784301002072,0.018814719387570775,0.0,0.0,0.0,0.0029937185366405382,0.0029937185366405382,0.000331562940683108,0.0017522213603189645,0.015821000850930234,0.000331562940683108,0.000331562940683108,0.0017522213603189645,0.0,0.016659264535021628,0.016341030462616802,0.199099249848226,0.05595686040851338,-7.682459096690007e-25,0.29845516989603904,0.13365901247993975,0.04274209701236805,643.3617968677054,9.655442000462582,879.1899095263559,7.1347986062048525,9.335252499709553,11.694416433418185,28.105008156067626,12.099232727019649,44.78361441234113,10.155797303154039,6.466707236087903,0.8685237406948455,15.91157686156204,15.911576861562038,15.911576861562038,15.911576861562038,15.91157686156204,100.00000000000001,24.296011395394558,0.002083784301002072,BRAF_V600E,13,Belvarafenib,Cobimetinib,0.0,0.5,24,24
-3.9183673469387763,0.13365901247993903,0.0020837843010020414,0.0020837843010020414,0.01881471938757085,0.0,0.0,0.0,0.002993718536640555,0.002993718536640555,0.0003315629406831037,0.001752221360318938,0.015821000850930293,0.0003315629406831037,0.0003315629406831037,0.001752221360318938,0.0,0.016659264535021697,0.01634103046261686,0.19909924984822566,0.055956860408512665,-7.659963764887179e-25,0.29845516989603926,0.13365901247993903,0.042742097012368044,643.3617968677027,9.655442000462543,879.1899095263523,7.134798606204838,9.335252499709558,11.694416433418183,28.105008156067314,12.09923272701965,44.78361441234085,10.155797303154039,6.466707236087899,0.8685237406948452,15.911576861562063,15.91157686156207,15.91157686156207,15.911576861562065,15.911576861562063,100.00000000000001,24.296011395394437,0.0020837843010020414,BRAF_V600E,13,Belvarafenib,Cobimetinib,0.0,0.5,24,24
-3.4285714285714306,0.1336590124799383,0.0020837843010020106,0.0020837843010020106,0.01881471938757093,0.0,0.0,0.0,0.002993718536640571,0.002993718536640571,0.00033156294068309916,0.0017522213603189114,0.015821000850930352,0.00033156294068309916,0.00033156294068309916,0.0017522213603189114,0.0,0.016659264535021773,0.016341030462616916,0.1990992498482253,0.05595686040851196,-7.637468433084364e-25,0.29845516989603943,0.1336590124799383,0.04274209701236804,643.3617968676999,9.6554420004625,879.1899095263484,7.134798606204823,9.335252499709561,11.694416433418182,28.10500815606701,12.09923272701965,44.78361441234059,10.155797303154039,6.4667072360878946,0.8685237406948444,15.91157686156208,15.911576861562086,15.911576861562086,15.911576861562084,15.91157686156208,100.0,24.296011395394306,0.0020837843010020106,BRAF_V600E,13,Belvarafenib,Cobimetinib,0.0,0.5,24,24
-2.9387755102040813,0.13365901247993758,0.0020837843010019794,0.0020837843010019794,0.018814719387570997,0.0,0.0,0.0,0.002993718536640588,0.002993718536640588,0.0003315629406830948,0.001752221360318885,0.01582100085093041,0.0003315629406830948,0.0003315629406830948,0.001752221360318885,0.0,0.01665926453502184,0.016341030462616965,0.199099249848225,0.05595686040851125,-7.614973101281552e-25,0.2984551698960398,0.13365901247993758,0.04274209701236803,643.3617968676972,9.655442000462461,879.1899095263449,7.134798606204808,9.335252499709565,11.69441643341818,28.1050081560667,12.099232727019652,44.783614412340285,10.155797303154039,6.466707236087891,0.868523740694844,15.911576861562116,15.911576861562114,15.911576861562114,15.911576861562116,15.911576861562116,100.00000000000003,24.296011395394203,0.0020837843010019794,BRAF_V600E,13,Belvarafenib,Cobimetinib,0.0,0.5,24,24
-2.4489795918367356,0.13365901247993686,0.0020837843010019486,0.0020837843010019486,0.01881471938757108,0.0,0.0,0.0,0.002993718536640605,0.002993718536640605,0.0003315629406830904,0.0017522213603188585,0.01582100085093047,0.0003315629406830904,0.0003315629406830904,0.0017522213603188585,0.0,0.016659264535021916,0.016341030462617024,0.1990992498482246,0.055956860408510535,-7.592477769478728e-25,0.29845516989604,0.13365901247993686,0.04274209701236802,643.3617968676945,9.65544200046242,879.1899095263411,7.134798606204794,9.335252499709568,11.694416433418178,28.105008156066397,12.099232727019652,44.78361441234002,10.155797303154039,6.466707236087887,0.8685237406948432,15.911576861562136,15.911576861562136,15.911576861562136,15.911576861562137,15.911576861562136,100.00000000000003,24.296011395394075,0.0020837843010019486,BRAF_V600E,13,Belvarafenib,Cobimetinib,0.0,0.5,24,24
-1.95918367346939,0.13365901247993614,0.0020837843010019183,0.0020837843010019183,0.01881471938757115,0.0,0.0,0.0,0.002993718536640621,0.002993718536640621,0.00033156294068308593,0.001752221360318832,0.01582100085093053,0.00033156294068308593,0.00033156294068308593,0.001752221360318832,0.0,0.01665926453502198,0.016341030462617073,0.19909924984822422,0.05595686040850982,-7.569982437675906e-25,0.29845516989604026,0.13365901247993614,0.042742097012368016,643.3617968676917,9.655442000462381,879.1899095263376,7.134798606204779,9.335252499709572,11.694416433418176,28.10500815606609,12.099232727019652,44.78361441233974,10.155797303154039,6.466707236087882,0.8685237406948426,15.911576861562162,15.911576861562155,15.911576861562155,15.911576861562159,15.911576861562162,99.99999999999997,24.296011395393958,0.0020837843010019183,BRAF_V600E,13,Belvarafenib,Cobimetinib,0.0,0.5,24,24
-1.4693877551020407,0.13365901247993545,0.002083784301001887,0.002083784301001887,0.01881471938757123,0.0,0.0,0.0,0.0029937185366406376,0.0029937185366406376,0.0003315629406830816,0.0017522213603188054,0.015821000850930585,0.0003315629406830816,0.0003315629406830816,0.0017522213603188054,0.0,0.016659264535022054,0.01634103046261713,0.19909924984822389,0.05595686040850912,-7.547487105873091e-25,0.2984551698960405,0.13365901247993545,0.042742097012368,643.3617968676889,9.655442000462342,879.1899095263341,7.134798606204765,9.335252499709577,11.694416433418175,28.105008156065786,12.099232727019654,44.783614412339475,10.155797303154039,6.466707236087878,0.8685237406948421,15.911576861562182,15.911576861562187,15.911576861562187,15.91157686156218,15.911576861562182,100.0,24.29601139539383,0.002083784301001887,BRAF_V600E,13,Belvarafenib,Cobimetinib,0.0,0.5,24,24
-0.979591836734695,0.1336590124799347,0.0020837843010018567,0.0020837843010018567,0.018814719387571316,0.0,0.0,0.0,0.002993718536640654,0.002993718536640654,0.0003315629406830771,0.0017522213603187787,0.015821000850930644,0.0003315629406830771,0.0003315629406830771,0.0017522213603187787,0.0,0.016659264535022127,0.01634103046261718,0.1990992498482235,0.055956860408508405,-7.524991774070273e-25,0.2984551698960407,0.1336590124799347,0.042742097012367995,643.3617968676862,9.655442000462298,879.18990952633,7.1347986062047495,9.335252499709581,11.694416433418173,28.105008156065484,12.099232727019654,44.78361441233919,10.155797303154037,6.466707236087873,0.8685237406948406,15.911576861562194,15.911576861562201,15.911576861562201,15.911576861562196,15.911576861562194,99.99999999999996,24.2960113953937,0.0020837843010018567,BRAF_V600E,13,Belvarafenib,Cobimetinib,0.0,0.5,24,24
-0.48979591836734926,0.133659012479934,0.0020837843010018254,0.0020837843010018254,0.018814719387571375,0.0,0.0,0.0,0.0029937185366406705,0.0029937185366406705,0.0003315629406830728,0.0017522213603187523,0.015821000850930703,0.0003315629406830728,0.0003315629406830728,0.0017522213603187523,0.0,0.016659264535022197,0.01634103046261724,0.19909924984822322,0.0559568604085077,-7.502496442267452e-25,0.29845516989604104,0.133659012479934,0.04274209701236799,643.3617968676834,9.655442000462259,879.1899095263265,7.134798606204734,9.335252499709584,11.694416433418171,28.105008156065164,12.099232727019656,44.783614412338906,10.155797303154037,6.46670723608787,0.8685237406948411,15.911576861562233,15.911576861562233,15.911576861562233,15.911576861562233,15.911576861562233,99.99999999999999,24.296011395393595,0.0020837843010018254,BRAF_V600E,13,Belvarafenib,Cobimetinib,0.0,0.5,24,24
0.0,0.13365901247993328,0.0020837843010017942,0.0020837843010017942,0.018814719387571455,0.0,0.0,0.0,0.002993718536640687,0.002993718536640687,0.0003315629406830684,0.0017522213603187258,0.01582100085093076,0.0003315629406830684,0.0003315629406830684,0.0017522213603187258,0.0,0.016659264535022266,0.016341030462617288,0.1990992498482228,0.05595686040850699,-7.480001110464629e-25,0.2984551698960413,0.13365901247993328,0.04274209701236798,643.3617968676807,9.65544200046222,879.1899095263228,7.134798606204719,9.33525249970959,11.69441643341817,28.105008156064866,12.099232727019656,44.78361441233862,10.155797303154037,6.466707236087865,0.86852374069484,15.911576861562255,15.911576861562263,15.911576861562263,15.911576861562255,15.911576861562255,100.0,24.296011395393464,0.0020837843010017942,BRAF_V600E,13,Belvarafenib,Cobimetinib,0.0,0.5,24,24
0.16326530612244897,0.0015785942055525322,0.0020837843321103266,0.0020837843321103266,0.01881471945846262,0.0,0.0,0.0,0.0029937185585205473,0.0029937185585205473,0.0003315629468069019,0.001752221385303425,0.015821000899942053,0.0003315629468069019,0.0003315629468069019,0.001752221385303425,0.0,0.017020842576751016,0.0014436829558034394,0.199099250104764,0.024566604245030564,0.6956997127009699,0.2984551701699547,0.0015785942055525322,0.04212895691446832,537.2805764813404,1.1174031545338972,101.74672255211678,7.134798621133584,9.335252503477445,11.694416434706678,12.338873316752256,12.099232727937427,0.5289217153295099,10.141348307017516,6.28652044685119,0.07673156960913863,15.9115769179009,15.911576917900886,15.911576917900886,15.911576917900899,15.9115769179009,100.00000000000003,24.296011530362627,0.0020837843321103266,BRAF_V600E,13,Belvarafenib,Cobimetinib,0.0,0.5,24,24
0.32653061224489793,0.0007289909902590582,0.0020837843321101935,0.0020837843321101935,0.01881471945846104,0.0,0.0,0.0,0.002993718558520117,0.002993718558520117,0.0003315629468068609,0.0017522213853033311,0.015821000899940926,0.0003315629468068609,0.0003315629468068609,0.0017522213853033311,0.0,0.01715354308019993,0.0006928295162504575,0.1990992501047842,0.011085191246996709,0.6962090513432001,0.29845517016996853,0.0007289909902590582,0.0404297513662781,444.2303806079958,1.0542683196331062,95.99789098317063,7.13479862113352,9.335252503477362,11.69441643470678,5.567671018932853,12.099232727937475,0.24425477027049056,10.10017892396907,6.096343303106248,0.03682380264983913,15.911576917899948,15.911576917899938,15.911576917899938,15.911576917899948,15.911576917899948,99.99999999999994,24.296011530361916,0.0020837843321101935,BRAF_V600E,13,Belvarafenib,Cobimetinib,0.0,0.5,24,24
0.4897959183673469,0.0003767790159708211,0.0020837843321093496,0.0020837843321093496,0.018814719458461932,0.0,0.0,0.0,0.0029937185585202637,0.0029937185585202637,0.0003315629468067298,0.0017522213853026205,0.015821000899941682,0.0003315629468067298,0.0003315629468067298,0.0017522213853026205,0.0,0.01720301315468034,0.00036088298035546774,0.19909925010478888,0.00548209367876354,0.6964207400903893,0.2984551701699751,0.0003767790159708211,0.03805943875611326,369.2373988668238,1.0280597023513744,93.61142831728411,7.134798621133115,9.33525250347741,11.694416434706802,2.753447677918542,12.099232727937496,0.12624308560519804,10.039762105535642,5.911439794537566,0.019180885537634758,15.911576917899973,15.911576917900089,15.911576917900089,15.911576917899986,15.911576917899973,100.00000000000004,24.29601153035854,0.0020837843321093496,BRAF_V600E,13,Belvarafenib,Cobimetinib,0.0,0.5,24,24
0.6530612244897959,0.00023056608385526805,0.0020837843321052474,0.0020837843321052474,0.018814719458464073,0.0,0.0,0.0,0.002993718558520416,0.002993718558520416,0.00033156294680605384,0.0017522213852991942,0.015821000899943663,0.00033156294680605384,0.00033156294680605384,0.0017522213852991942,0.0,0.01722270693365878,0.00021915746612358715,0.19909925010480056,0.0031532223540526446,0.6965087262747028,0.29845517016999656,0.00023056608385526805,0.035324506666987346,309.0123445608523,1.0171736756018193,92.6201857752457,7.134798621131146,9.335252503477523,11.694416434706861,1.583743963070113,12.099232727937567,0.07725317129669435,9.965189952992949,5.733381226134885,0.011648192076815474,15.911576917898971,15.911576917898975,15.911576917898975,15.911576917898971,15.911576917898971,100.00000000000004,24.296011530341918,0.0020837843321052474,BRAF_V600E,13,Belvarafenib,Cobimetinib,0.0,0.5,24,24
0.8163265306122448,0.0001706424382326977,0.002083784332105981,0.002083784332105981,0.018814719458463455,0.0,0.0,0.0,0.0029937185585203283,0.0029937185585203283,0.00033156294680619603,0.0017522213852997845,0.01582100089994313,0.00033156294680619603,0.00033156294680619603,0.0017522213852997845,0.0,0.017230749437499856,0.0001602768615262251,0.1990992501047959,0.002185279010469909,0.6965452957468591,0.2984551701699896,0.0001706424382326977,0.03244252636224588,260.73613768895643,1.0127111305264418,92.21384243012588,7.134798621131498,9.33525250347749,11.694416434706838,1.0975827429383522,12.099232727937544,0.05717523276125716,9.880083094281307,5.563508929242189,0.008518695263039253,15.91157691789903,15.911576917900195,15.911576917900195,15.911576917899147,15.91157691789903,99.99999999999997,24.296011530344867,0.002083784332105981,BRAF_V600E,13,Belvarafenib,Cobimetinib,0.0,0.5,24,24
0.9795918367346939,0.00014724746516616262,0.002083784332100179,0.002083784332100179,0.018814719458462782,0.0,0.0,0.0,0.0029937185585195893,0.0029937185585195893,0.00033156294680520513,0.0017522213852949734,0.015821000899943195,0.00033156294680520513,0.00033156294680520513,0.0017522213852949734,0.0,0.01723406818007896,0.0001370251741165183,0.1990992501047895,0.0017829483701558135,0.6965604960330982,0.298455170169985,0.00014724746516616262,0.029563335889202156,222.0757900797307,1.0109687312745494,92.0551858051307,7.134798621128714,9.335252503477454,11.694416434706806,0.8955073257269508,12.09923272793753,0.04933654360294643,9.787147931242975,5.4030187203652105,0.007282870968075209,15.911576917895669,15.911576917896946,15.911576917896946,15.911576917895797,15.911576917895669,99.99999999999997,24.296011530321096,0.002083784332100179,BRAF_V600E,13,Belvarafenib,Cobimetinib,0.0,0.5,24,24
1.1428571428571428,0.00013957560351067017,0.0020837843321003867,0.0020837843321003867,0.018814719458462373,0.0,0.0,0.0,0.002993718558519449,0.002993718558519449,0.0003315629468052061,0.0017522213852951803,0.01582100089994292,0.0003315629468052061,0.0003315629468052061,0.0017522213852951803,0.0,0.017235443453263444,0.0001291881201540007,0.19909925010479276,0.0016157215653143835,0.6965668139587428,0.29845517016998124,0.00013957560351067017,0.02678621798555208,191.13246306530152,1.010397330164926,92.00315606999803,7.134798621128813,9.335252503477433,11.694416434706822,0.8115156458218572,12.099232727937515,0.04676601964414847,9.688500491041001,5.252966711572162,0.00686633252434148,15.91157691789527,15.911576917895406,15.911576917895406,15.911576917895284,15.91157691789527,99.99999999999999,24.29601153032165,0.0020837843321003867,BRAF_V600E,13,Belvarafenib,Cobimetinib,0.0,0.5,24,24
1.3061224489795917,0.00013888546375180795,0.0020837843320941434,0.0020837843320941434,0.01881471945846354,0.0,0.0,0.0,0.002993718558519121,0.002993718558519121,0.0003315629468041681,0.0017522213852899761,0.015821000899944423,0.0003315629468041681,0.0003315629468041681,0.0017522213852899761,0.0,0.01723601423876131,0.00012818929821334005,0.1990992501047855,0.001546229976923841,0.6965694393911369,0.2984551701699201,0.00013888546375180795,0.02417335099558341,166.3735619344727,1.0103459279949776,91.99847557280853,7.134798621125817,9.335252503477495,11.694416434706786,0.7766126573103935,12.099232727937311,0.0465347823168002,9.585863817937156,5.114235633158597,0.006813245262377584,15.911576917892543,15.911576917893267,15.911576917893267,15.911576917892615,15.911576917892543,100.00000000000004,24.296011530296113,0.0020837843320941434,BRAF_V600E,13,Belvarafenib,Cobimetinib,0.0,0.5,24,24
1.4693877551020407,0.00014149558173974324,0.0020837843320899913,0.0020837843320899913,0.01881471945846425,0.0,0.0,0.0,0.0029937185585188607,0.0029937185585188607,0.00033156294680344894,0.0017522213852865425,0.015821000899945384,0.00033156294680344894,0.00033156294680344894,0.0017522213852865425,0.0,0.017236251717176552,0.0001304019399679742,0.19909925010478235,0.0015173026881587278,0.6965705322808156,0.29845517016987944,0.00014149558173974324,0.021760183518026013,146.56677950780812,1.01054033128309,92.01617723879949,7.134798621123824,9.335252503477532,11.69441643470677,0.7620835775926824,12.099232727937174,0.047409325045099586,9.480694845753705,4.987481157414707,0.006930846896540346,15.911576917890557,15.911576917890459,15.911576917890459,15.911576917890548,15.911576917890557,100.0,24.296011530278996,0.0020837843320899913,BRAF_V600E,13,Belvarafenib,Cobimetinib,0.0,0.5,24,24
1.6326530612244896,0.00014586409017844465,0.0020837843321226245,0.0020837843321226245,0.018814719458458994,0.0,0.0,0.0,0.002993718558520859,0.002993718558520859,0.00033156294680894134,0.001752221385313683,0.01582100089993813,0.00033156294680894134,0.00033156294680894134,0.001752221385313683,0.0,0.017236350356876262,0.0001343041226091667,0.1990992501047896,0.0015052847891418792,0.6965709863239885,0.29845517017009754,0.00014586409017844465,0.019563145878087104,130.7243959973066,1.0108656980810429,92.04580397216304,7.134798621139486,9.335252503477253,11.694416434706806,0.7560474428455256,12.099232727937906,0.04887303178407425,9.374260473956312,4.87309125965661,0.007138247418766817,15.911576917905624,15.911576917904855,15.911576917904855,15.911576917905544,15.911576917905624,100.0,24.296011530412883,0.0020837843321226245,BRAF_V600E,13,Belvarafenib,Cobimetinib,0.0,0.5,24,24
1.7959183673469385,0.00015134067534332821,0.002083784332128515,0.002083784332128515,0.018814719458458123,0.0,0.0,0.0,0.0029937185585212104,0.0029937185585212104,0.00033156294680987186,0.0017522213853186424,0.015821000899936915,0.00033156294680987186,0.00033156294680987186,0.0017522213853186424,0.0,0.01723639126203652,0.00013925143391351524,0.19909925010480498,0.0015003005705530978,0.6965711746306595,0.29845517017020173,0.00015134067534332821,0.0175855749137381,118.05504349984237,1.0112735899857488,92.08294514568755,7.134798621142312,9.335252503477207,11.694416434706884,0.7535440589371111,12.099232727938254,0.05070800926551961,9.26769194887725,4.771150986039846,0.007401196399498533,15.911576917908228,15.911576917904528,15.911576917904528,15.91157691790786,15.911576917908228,99.99999999999996,24.296011530436918,0.002083784332128515,BRAF_V600E,13,Belvarafenib,Cobimetinib,0.0,0.5,24,24
1.9591836734693877,0.00015762515453238116,0.002083784332093598,0.002083784332093598,0.018814719458458643,0.0,0.0,0.0,0.002993718558517841,0.002993718558517841,0.0003315629468041707,0.0017522213852894273,0.01582100089994079,0.0003315629468041707,0.0003315629468041707,0.0017522213852894273,0.0,0.01723640823530005,0.0001449521182810104,0.1990992501047744,0.0014982323243790921,0.6965712527701641,0.29845517017023254,0.00015762515453238116,0.015822032547698185,107.92511285316391,1.0117416470261786,92.1255647406278,7.134798621125555,9.335252503477234,11.69441643470673,0.7525052573481112,12.099232727938357,0.0528136786648645,9.16201642378236,4.6814375871038525,0.007704187064869757,15.911576917889878,15.911576917897555,15.911576917897555,15.911576917890645,15.911576917889878,100.0,24.296011530293704,0.002083784332093598,BRAF_V600E,13,Belvarafenib,Cobimetinib,0.0,0.5,24,24
2.1224489795918364,0.00016462182250567739,0.0020837843320847204,0.0020837843320847204,0.018814719458462623,0.0,0.0,0.0,0.002993718558517902,0.002993718558517902,0.00033156294680253295,0.0017522213852821864,0.015821000899944756,0.00033156294680253295,0.00033156294680253295,0.0017522213852821864,0.0,0.01723641526961228,0.00015130858182104662,0.19909925010475946,0.0014973751555844165,0.6965712851544802,0.2984551701702394,0.00016462182250567739,0.01426146095990716,99.82758232467862,1.012262738852353,92.17301349289488,7.134798621121295,9.335252503477445,11.694416434706655,0.7520747339814424,12.09923272793838,0.05515797310925349,9.058173851413448,4.603444521131391,0.00804203231172761,15.911576917886839,15.91157691788675,15.91157691788675,15.91157691788683,15.911576917886839,99.99999999999994,24.296011530257204,0.0020837843320847204,BRAF_V600E,13,Belvarafenib,Cobimetinib,0.0,0.5,24,24
2.2857142857142856,0.00017221965755585545,0.002083784332084496,0.002083784332084496,0.018814719458462116,0.0,0.0,0.0,0.0029937185585177297,0.0029937185585177297,0.0003315629468024893,0.0017522213852820068,0.015821000899944385,0.0003315629468024893,0.0003315629468024893,0.0017522213852820068,0.0,0.01723641818055222,0.00015821533207844663,0.19909925010475926,0.001497020443440929,0.6965712985557112,0.2984551701702495,0.00017221965755585545,0.012889481619927024,93.3570928312827,1.0128285945858218,92.22453828596903,7.134798621121187,9.335252503477419,11.694416434706653,0.7518965755286611,12.099232727938414,0.057703693810234616,8.957024590534413,4.536431848154159,0.008409125229198549,15.911576917886348,15.911576917886366,15.911576917886366,15.91157691788635,15.911576917886348,100.0,24.29601153025616,0.002083784332084496,BRAF_V600E,13,Belvarafenib,Cobimetinib,0.0,0.5,24,24
2.4489795918367343,0.00018035584439093043,0.002083784332083757,0.002083784332083757,0.01881471945846162,0.0,0.0,0.0,0.002993718558517524,0.002993718558517524,0.0003315629468023581,0.0017522213852813992,0.0158210008999441,0.0003315629468023581,0.0003315629468023581,0.0017522213852813992,0.0,0.01723641938457492,0.00016561428145900342,0.199099250104759,0.001496873727054347,0.6965713040987395,0.2984551701702823,0.00018035584439093043,0.011690038514514112,88.18911217500302,1.013434533828511,92.27971293959264,7.134798621120833,9.335252503477392,11.694416434706653,0.7518228854537347,12.099232727938524,0.06042979395801024,8.85935006020202,4.479483510664961,0.008802378468870607,15.911576917885677,15.911576917885716,15.911576917885716,15.911576917885679,15.911576917885677,100.0,24.296011530253075,0.002083784332083757,BRAF_V600E,13,Belvarafenib,Cobimetinib,0.0,0.5,24,24
2.6122448979591835,0.00018895001440377257,0.002083784332081986,0.002083784332081986,0.018814719458457578,0.0,0.0,0.0,0.0029937185585162916,0.0029937185585162916,0.00033156294680201345,0.0017522213852799728,0.015821000899941293,0.00033156294680201345,0.00033156294680201345,0.0017522213852799728,0.0,0.01723641989370167,0.00017343174632700967,0.19909925010475543,0.001496811686795555,0.6965713064426532,0.29845517017030815,0.00018895001440377257,0.010646518815795291,84.06294661595443,1.0140745691286797,92.33799225789025,7.134798621119983,9.335252503477177,11.694416434706635,0.7517917249854092,12.099232727938611,0.0633093453519172,8.76584595703362,4.431565882685592,0.009217875754668708,15.911576917882545,15.911576917882698,15.911576917882698,15.911576917882563,15.911576917882545,100.00000000000003,24.29601153024547,0.002083784332081986,BRAF_V600E,13,Belvarafenib,Cobimetinib,0.0,0.5,24,24
2.7755102040816326,0.00019790471080943236,0.0020837843320764054,0.0020837843320764054,0.018814719458443003,0.0,0.0,0.0,0.0029937185585118824,0.0029937185585118824,0.00033156294680089613,0.0017522213852755103,0.01582100089993112,0.00033156294680089613,0.00033156294680089613,0.0017522213852755103,0.0,0.017236420119603364,0.00018157953552566447,0.19909925010474908,0.001496784157946465,0.6965713074827011,0.29845517017032647,0.00019790471080943236,0.009742487752418011,80.7694950795067,1.0147414408058386,92.3987152004007,7.134798621117305,9.335252503476402,11.694416434706604,0.751777898288911,12.099232727938674,0.06630969424871729,8.677109491169372,4.3915993580976185,0.00965092973757744,15.911576917871436,15.911576917871692,15.911576917871692,15.911576917871459,15.911576917871436,100.00000000000004,24.296011530221094,0.0020837843320764054,BRAF_V600E,13,Belvarafenib,Cobimetinib,0.0,0.5,24,24
2.9387755102040813,0.00020710229646308677,0.0020837843320779246,0.0020837843320779246,0.018814719458430773,0.0,0.0,0.0,0.002993718558508806,0.002993718558508806,0.0003315629468009951,0.001752221385276931,0.015821000899921955,0.0003315629468009951,0.0003315629468009951,0.001752221385276931,0.0,0.0172364202132001,0.00018995046908007246,0.1990992501047416,0.0014967727513519667,0.6965713079136427,0.29845517017029977,0.00020710229646308677,0.008962202995255967,78.1431286592015,1.015426386866303,92.46108393141283,7.134798621118033,9.335252503475752,11.694416434706566,0.7517721691892603,12.099232727938583,0.06939142530012575,8.593629056840722,4.3585421279756416,0.010095843815250548,15.911576917865428,15.911576917864844,15.911576917864844,15.911576917865368,15.911576917865428,100.00000000000006,24.296011530226103,0.0020837843320779246,BRAF_V600E,13,Belvarafenib,Cobimetinib,0.0,0.5,24,24
3.1020408163265305,0.000216428525638464,0.002083784332086357,0.002083784332086357,0.018814719458432962,0.0,0.0,0.0,0.0029937185585102544,0.0029937185585102544,0.0003315629468024711,0.0017522213852838875,0.015821000899922714,0.0003315629468024711,0.0003315629468024711,0.0017522213852838875,0.0,0.017236420248312342,0.00019843892311914934,0.19909925010473994,0.0014967684729301452,0.6965713080752837,0.2984551701702813,0.000216428525638464,0.008290978988024207,76.05128592576206,1.0161208985522847,92.52432367396776,7.134798621122081,9.33525250347587,11.694416434706557,0.7517700203002984,12.09923272793852,0.07251625948211331,8.515781044888186,4.331407927513854,0.0105470040920651,15.911576917871274,15.911576917871285,15.911576917871285,15.911576917871276,15.911576917871274,100.00000000000006,24.296011530261037,0.002083784332086357,BRAF_V600E,13,Belvarafenib,Cobimetinib,0.0,0.5,24,24
3.265306122448979,0.00022574229581435998,0.002083784332078095,0.002083784332078095,0.01881471945842567,0.0,0.0,0.0,0.002993718558507494,0.002993718558507494,0.00033156294680098704,0.001752221385277107,0.01582100089991819,0.00033156294680098704,0.00033156294680098704,0.001752221385277107,0.0,0.0172364202622511,0.00020692140828636887,0.1990992501047408,0.0014967667735970099,0.6965713081394859,0.29845517017027207,0.00022574229581435998,0.007715317781752603,74.38715856389149,1.016814467878976,92.5874776086664,7.134798621118115,9.335252503475482,11.694416434706561,0.7517691667897297,12.09923272793849,0.07563691916798473,8.443820665152542,4.309283326994266,0.010997847124087978,15.911576917862769,15.911576917863153,15.911576917863153,15.911576917862808,15.911576917862769,99.99999999999996,24.296011530226362,0.002083784332078095,BRAF_V600E,13,Belvarafenib,Cobimetinib,0.0,0.5,24,24
3.4285714285714284,0.00023489343227131452,0.0020837843320789147,0.0020837843320789147,0.01881471945842812,0.0,0.0,0.0,0.0029937185585081835,0.0029937185585081835,0.00033156294680112907,0.0017522213852777862,0.015821000899919935,0.00033156294680112907,0.00033156294680112907,0.0017522213852777862,0.0,0.01723642026839145,0.00021525595537071727,0.1990992501047395,0.0014967660256666737,0.6965713081677406,0.29845517017027534,0.00023489343227131452,0.007222967980837186,73.0649635543699,1.0174959121809795,92.64952748211572,7.134798621118509,9.335252503475612,11.694416434706556,0.7517687911327013,12.099232727938501,0.07870308701213069,8.377878936182448,4.2913489571154315,0.011440827265393671,15.911576917864364,15.911576917863709,15.911576917863709,15.911576917864299,15.911576917864364,100.00000000000001,24.296011530229787,0.0020837843320789147,BRAF_V600E,13,Belvarafenib,Cobimetinib,0.0,0.5,24,24
3.591836734693877,0.0002437932290648025,0.0020837843320785526,0.0020837843320785526,0.018814719458432203,0.0,0.0,0.0,0.0029937185585092625,0.0029937185585092625,0.0003315629468011435,0.0017522213852774096,0.015821000899922926,0.0003315629468011435,0.0003315629468011435,0.0017522213852774096,0.0,0.01723642027049023,0.00022336324347485643,0.1990992501047384,0.0014967657703343392,0.6965713081773867,0.29845517017027734,0.0002437932290648025,0.006802927594218902,72.01623925574204,1.0181586268724756,92.70987190442494,7.134798621118335,9.335252503475829,11.694416434706548,0.7517686628889606,12.099232727938508,0.08168504131649366,8.317966038161547,4.276891638803196,0.011871728620154983,15.911576917866643,15.911576917867167,15.911576917867167,15.911576917866697,15.911576917866643,100.00000000000001,24.29601153022889,0.0020837843320785526,BRAF_V600E,13,Belvarafenib,Cobimetinib,0.0,0.5,24,24
3.7551020408163263,0.00025227769811788134,0.002083784332080758,0.002083784332080758,0.018814719458434152,0.0,0.0,0.0,0.002993718558509957,0.002993718558509957,0.00033156294680152036,0.0017522213852792356,0.015821000899924175,0.00033156294680152036,0.00033156294680152036,0.0017522213852792356,0.0,0.01723642027132085,0.0002310947997572581,0.19909925010473842,0.001496765669360515,0.6965713081812012,0.2984551701702779,0.00025227769811788134,0.006445404780392282,71.18588534339716,1.0187904022245302,92.76739910147997,7.134798621119393,9.335252503475933,11.69441643470655,0.7517686121736392,12.09923272793851,0.08452783644992617,8.263980429823965,4.2652945592068425,0.012282659875306527,15.911576917868686,15.911576917868413,15.911576917868413,15.911576917868661,15.911576917868686,99.99999999999991,24.296011530237934,0.002083784332080758,BRAF_V600E,13,Belvarafenib,Cobimetinib,0.0,0.5,24,24
3.9183673469387754,0.00026029604488614816,0.0020837843320843895,0.0020837843320843895,0.018814719458435623,0.0,0.0,0.0,0.0029937185585107297,0.0029937185585107297,0.0003315629468021476,0.0017522213852822427,0.015821000899924893,0.0003315629468021476,0.0003315629468021476,0.0017522213852822427,0.0,0.01723642027167806,0.0002384051848213217,0.19909925010473847,0.0014967656260043564,0.6965713081828386,0.29845517017025336,0.00026029604488614816,0.006141745401756351,70.52977903420471,1.019387457822236,92.82176484226159,7.134798621121137,9.33525250347601,11.69441643470655,0.7517685903974853,12.099232727938428,0.08721445325864606,8.215721959218474,4.256035018281744,0.01267120593256745,15.91157691787155,15.911576917870786,15.911576917870786,15.911576917871471,15.91157691787155,100.00000000000004,24.29601153025308,0.0020837843320843895,BRAF_V600E,13,Belvarafenib,Cobimetinib,0.0,0.5,24,24
4.081632653061225,0.00026775326948618274,0.002083784332084584,0.002083784332084584,0.018814719458437913,0.0,0.0,0.0,0.0029937185585113654,0.0029937185585113654,0.0003315629468022199,0.0017522213852823644,0.01582100089992653,0.0003315629468022199,0.0003315629468022199,0.0017522213852823644,0.0,0.017236420271827663,0.00024520529355933355,0.19909925010473875,0.0014967656080113146,0.6965713081835199,0.2984551701702663,0.00026775326948618274,0.005884347801979489,70.01254721417571,1.0199427219251715,92.87232519945702,7.13479862112123,9.335252503476132,11.69441643470655,0.751768581360262,12.099232727938471,0.08971306120561813,8.172908900846762,4.2486744719035245,0.013032630866540258,15.911576917872994,15.911576917872765,15.911576917872765,15.91157691787297,15.911576917872994,100.0,24.296011530254166,0.002083784332084584,BRAF_V600E,13,Belvarafenib,Cobimetinib,0.0,0.5,24,24
4.244897959183673,0.0002746068141868699,0.0020837843320845478,0.0020837843320845478,0.01881471945843696,0.0,0.0,0.0,0.002993718558511122,0.002993718558511122,0.0003315629468022069,0.001752221385282339,0.01582100089992585,0.0003315629468022069,0.0003315629468022069,0.001752221385282339,0.0,0.01723642027188778,0.00025145623485071787,0.19909925010473767,0.0014967656005744536,0.6965713081837988,0.2984551701702582,0.0002746068141868699,0.005666571036962689,69.60583995168216,1.0204530278698183,92.91879182804671,7.134798621121212,9.335252503476081,11.694416434706545,0.751768577625013,12.099232727938444,0.09200940095298613,8.135197169484307,4.242848471172104,0.013364867619004493,15.911576917872505,15.91157691787242,15.91157691787242,15.911576917872498,15.911576917872505,99.99999999999993,24.296011530253967,0.0020837843320845478,BRAF_V600E,13,Belvarafenib,Cobimetinib,0.0,0.5,24,24
4.408163265306122,0.0002808320262650267,0.002083784332084532,0.002083784332084532,0.018814719458437084,0.0,0.0,0.0,0.002993718558511156,0.002993718558511156,0.00033156294680220715,0.0017522213852823251,0.015821000899925945,0.00033156294680220715,0.00033156294680220715,0.0017522213852823251,0.0,0.01723642027191329,0.00025713587476755334,0.19909925010473742,0.0014967655974768039,0.6965713081839158,0.29845517017025847,0.0002808320262650267,0.005482639537453486,69.286941166986,1.020916542167618,92.96099777714021,7.134798621121205,9.335252503476088,11.694416434706545,0.751768576069182,12.099232727938444,0.09409521239146958,8.102199642482642,4.238256449290139,0.013666739774440054,15.91157691787258,15.911576917872553,15.911576917872553,15.911576917872576,15.91157691787258,100.0,24.296011530253942,0.002083784332084532,BRAF_V600E,13,Belvarafenib,Cobimetinib,0.0,0.5,24,24
4.571428571428571,0.0002864259839199766,0.0020837843320845755,0.0020837843320845755,0.018814719458437268,0.0,0.0,0.0,0.002993718558511205,0.002993718558511205,0.0003315629468022173,0.0017522213852823585,0.015821000899926062,0.0003315629468022173,0.0003315629468022173,0.0017522213852823585,0.0,0.017236420271923982,0.0002622408731246146,0.19909925010473742,0.001496765596192695,0.6965713081839655,0.2984551701702581,0.0002864259839199766,0.005327550617116252,69.03766499008303,1.0213330492398451,92.99892341691213,7.1347986211212255,9.335252503476099,11.694416434706545,0.7517685754242229,12.099232727938444,0.0959695165463479,8.07350457611534,4.2346522250862355,0.0139380698024182,15.911576917872683,15.911576917872708,15.911576917872708,15.911576917872686,15.911576917872683,100.00000000000001,24.296011530254116,0.0020837843320845755,BRAF_V600E,13,Belvarafenib,Cobimetinib,0.0,0.5,24,24
4.73469387755102,0.0002914034075246377,0.0020837843320847265,0.0020837843320847265,0.018814719458438028,0.0,0.0,0.0,0.002993718558511412,0.002993718558511412,0.0003315629468022492,0.0017522213852824771,0.015821000899926607,0.0003315629468022492,0.0003315629468022492,0.0017522213852824771,0.0,0.01723642027192905,0.0002667839598087377,0.19909925010473822,0.0014967655956639543,0.6965713081839857,0.2984551701702635,0.0002914034075246377,0.005196994367163639,68.84350418538354,1.0217036468721905,93.03266870778923,7.134798621121298,9.335252503476138,11.694416434706548,0.7517685751586534,12.099232727938462,0.09763724560656702,8.048693442231363,4.231835873379934,0.01417953429484118,15.911576917873141,15.911576917873086,15.911576917873086,15.911576917873136,15.911576917873141,100.0,24.29601153025477,0.0020837843320847265,BRAF_V600E,13,Belvarafenib,Cobimetinib,0.0,0.5,24,24
4.897959183673469,0.00029579008912118974,0.0020837843320846553,0.0020837843320846553,0.018814719458437858,0.0,0.0,0.0,0.002993718558511366,0.002993718558511366,0.0003315629468022372,0.0017522213852824169,0.015821000899926486,0.0003315629468022372,0.0003315629468022372,0.0017522213852824169,0.0,0.017236420271930737,0.00027078944784065276,0.1990992501047441,0.0014967655954440107,0.6965713081839998,0.29845517017027606,0.00029579008912118974,0.005087251145029231,68.69281588013385,1.0220302569432218,93.06240864913904,7.134798621121264,9.335252503476129,11.694416434706579,0.7517685750481619,12.099232727938505,0.09910704142013495,8.02735062465908,4.229644621418661,0.01439242548573912,15.91157691787304,15.911576917873054,15.911576917873054,15.911576917873042,15.91157691787304,99.99999999999994,24.29601153025448,0.0020837843320846553,BRAF_V600E,13,Belvarafenib,Cobimetinib,0.0,0.5,24,24
5.061224489795918,0.00029962867940151917,0.002083784332084725,0.002083784332084725,0.018814719458436786,0.0,0.0,0.0,0.002993718558511094,0.002993718558511094,0.0003315629468022367,0.00175222138528249,0.01582100089992571,0.0003315629468022367,0.0003315629468022367,0.00175222138528249,0.0,0.017236420271930564,0.0002742947166080709,0.19909925010474971,0.0014967655953500875,0.6965713081840084,0.29845517017028483,0.00029962867940151917,0.004995128758470231,68.57631624726196,1.0223160562674485,93.08843251029398,7.1347986211212975,9.335252503476072,11.694416434706605,0.7517685750009666,12.099232727938533,0.10039319447224346,8.009076179308515,4.227947230912328,0.014578730084921531,15.911576917872502,15.911576917872498,15.911576917872498,15.911576917872502,15.911576917872502,100.00000000000007,24.296011530254695,0.002083784332084725,BRAF_V600E,13,Belvarafenib,Cobimetinib,0.0,0.5,24,24
5.224489795918367,0.0003029598896060537,0.0020837843320845317,0.0020837843320845317,0.01881471945843603,0.0,0.0,0.0,0.0029937185585108806,0.0029937185585108806,0.00033156294680219506,0.0017522213852823347,0.01582100089992517,0.00033156294680219506,0.00033156294680219506,0.0017522213852823347,0.0,0.017236420271930276,0.00027733761728149697,0.199099250104755,0.0014967655953101605,0.6965713081840156,0.298455170170296,0.0003029598896060537,0.004917902075971133,68.48664723402378,1.0225640769916893,93.11101638766547,7.134798621121204,9.335252503476033,11.694416434706632,0.7517685749808929,12.09923272793857,0.10150934541800276,7.993495022312535,4.2266387953765205,0.014740459877393815,15.911576917872008,15.911576917871976,15.911576917871976,15.911576917872006,15.911576917872008,99.9999999999999,24.296011530253836,0.0020837843320845317,BRAF_V600E,13,Belvarafenib,Cobimetinib,0.0,0.5,24,24
5.387755102040816,0.000305834899640594,0.002083784332084644,0.002083784332084644,0.018814719458435138,0.0,0.0,0.0,0.002993718558510653,0.002993718558510653,0.0003315629468022033,0.0017522213852824405,0.015821000899924505,0.0003315629468022033,0.0003315629468022033,0.0017522213852824405,0.0,0.017236420271929592,0.00027996409064211524,0.19909925010475707,0.0014967655952934805,0.6965713081840174,0.29845517017029666,0.000305834899640594,0.004853254300259575,68.41799685856478,1.022778130457433,93.13050732833624,7.134798621121258,9.335252503475985,11.694416434706643,0.7517685749725074,12.099232727938572,0.10247264252989369,7.980262459749378,4.225635901987943,0.014880056609964488,15.911576917871553,15.911576917871512,15.911576917871512,15.911576917871548,15.911576917871553,99.99999999999997,24.296011530254198,0.002083784332084644,BRAF_V600E,13,Belvarafenib,Cobimetinib,0.0,0.5,24,24
5.551020408163265,0.0003082991169825487,0.00208378433208418,0.00208378433208418,0.01881471945843275,0.0,0.0,0.0,0.0029937185585099772,0.0029937185585099772,0.0003315629468020987,0.001752221385282081,0.015821000899922756,0.0003315629468020987,0.0003315629468020987,0.001752221385282081,0.0,0.017236420271927597,0.0002822159899983048,0.19909925010476898,0.001496765595286601,0.6965713081840297,0.29845517017032425,0.0003082991169825487,0.00479920594526746,68.36573568561055,1.0229615980230524,93.14721322666902,7.1347986211210355,9.335252503475857,11.694416434706703,0.7517685749690071,12.099232727938665,0.10329829997805252,7.9690634662285476,4.224871758847159,0.014999744780771401,15.911576917869981,15.911576917870036,15.911576917870036,15.911576917869985,15.911576917869981,99.99999999999997,24.296011530252056,0.00208378433208418,BRAF_V600E,13,Belvarafenib,Cobimetinib,0.0,0.5,24,24
5.7142857142857135,0.00031040349267056873,0.0020837843320840837,0.0020837843320840837,0.01881471945842713,0.0,0.0,0.0,0.0029937185585084884,0.0029937185585084884,0.0003315629468020154,0.0017522213852820675,0.01582100089991864,0.0003315629468020154,0.0003315629468020154,0.0017522213852820675,0.0,0.01723642027192262,0.00028413893190434354,0.1990992501047795,0.0014967655952832692,0.6965713081840399,0.2984551701703499,0.00031040349267056873,0.004754067408976103,68.32618162717766,1.0231182736102815,93.16147954356622,7.134798621120989,9.335252503475559,11.694416434706756,0.7517685749672939,12.099232727938752,0.1040033893510369,7.959613538329012,4.224293025878678,0.015101948904004382,15.911576917866821,15.911576917866777,15.911576917866777,15.911576917866816,15.911576917866821,99.99999999999996,24.296011530251118,0.0020837843320840837,BRAF_V600E,13,Belvarafenib,Cobimetinib,0.0,0.5,24,24
5.877551020408163,0.00031219067388681555,0.002083784332084422,0.002083784332084422,0.01881471945842547,0.0,0.0,0.0,0.0029937185585080877,0.0029937185585080877,0.0003315629468020546,0.0017522213852823665,0.01582100089991739,0.0003315629468020546,0.0003315629468020546,0.0017522213852823665,0.0,0.01723642027192119,0.000285772728423488,0.19909925010479157,0.0014967655952819801,0.6965713081840522,0.29845517017039846,0.00031219067388681555,0.004716403752238383,68.29643194676018,1.023251332760099,93.173595432397,7.134798621121152,9.335252503475472,11.694416434706817,0.7517685749666008,12.099232727938913,0.10460219995806239,7.95165958236133,4.223857524315512,0.015188784985869952,15.911576917866096,15.911576917866071,15.911576917866071,15.911576917866093,15.911576917866096,99.99999999999996,24.29601153025236,0.002083784332084422,BRAF_V600E,13,Belvarafenib,Cobimetinib,0.0,0.5,24,24
6.040816326530612,0.0003137015945738097,0.0020837843320842954,0.0020837843320842954,0.01881471945842112,0.0,0.0,0.0,0.0029937185585069397,0.0029937185585069397,0.0003315629468019841,0.001752221385282312,0.015821000899914187,0.0003315629468019841,0.0003315629468019841,0.001752221385282312,0.0,0.01723642027191736,0.0002871539990438637,0.19909925010480028,0.0014967655952812305,0.6965713081840614,0.29845517017042894,0.0003137015945738097,0.004685017510978456,68.27425586553244,1.0233638233535818,93.18383842227793,7.134798621121091,9.33525250347524,11.69441643470686,0.7517685749661914,12.099232727939016,0.10510844707252837,7.944982643420941,4.2235327682235875,0.015262199347614448,15.911576917863671,15.911576917863659,15.911576917863659,15.91157691786367,15.911576917863671,100.00000000000001,24.296011530251466,0.0020837843320842954,BRAF_V600E,13,Belvarafenib,Cobimetinib,0.0,0.5,24,24
6.204081632653061,0.0003149778370272637,0.0020837843320843717,0.0020837843320843717,0.018814719458415754,0.0,0.0,0.0,0.0029937185585055246,0.0029937185585055246,0.0003315629468019338,0.0017522213852824379,0.01582100089991022,0.0003315629468019338,0.0003315629468019338,0.0017522213852824379,0.0,0.01723642027191246,0.0002883205529376209,0.19909925010480017,0.0014967655952807266,0.6965713081840618,0.29845517017043716,0.0003149778370272637,0.00465888507754231,68.25787615902624,1.023458841458656,93.19249043004719,7.134798621121128,9.335252503474955,11.69441643470686,0.7517685749659387,12.099232727939043,0.10553606320419615,7.939389155834239,4.223292829004271,0.015324201542035546,15.911576917860689,15.91157691786066,15.91157691786066,15.911576917860685,15.911576917860689,100.0,24.29601153025121,0.0020837843320843717,BRAF_V600E,13,Belvarafenib,Cobimetinib,0.0,0.5,24,24
6.367346938775509,0.00031605019332108447,0.0020837843320848817,0.0020837843320848817,0.018814719458415733,0.0,0.0,0.0,0.0029937185585055663,0.0029937185585055663,0.00033156294680202045,0.0017522213852828607,0.01582100089991015,0.00033156294680202045,0.00033156294680202045,0.0017522213852828607,0.0,0.017236420271912425,0.0002893013709433389,0.19909925010480398,0.0014967655952809896,0.6965713081840654,0.29845517017047507,0.00031605019332108447,0.0046371509744016,68.24592537016949,1.0235386797318233,93.19976021678086,7.134798621121372,9.335252503474953,11.694416434706879,0.7517685749660565,12.099232727939171,0.10589536550516425,7.9347131535854105,4.223117730746884,0.015376331897095379,15.911576917860929,15.911576917860923,15.911576917860923,15.911576917860927,15.911576917860929,99.99999999999997,24.29601153025328,0.0020837843320848817,BRAF_V600E,13,Belvarafenib,Cobimetinib,0.0,0.5,24,24
6.530612244897958,0.00031694746857029914,0.0020837843320847585,0.0020837843320847585,0.018814719458412333,0.0,0.0,0.0,0.0029937185585046716,0.0029937185585046716,0.0003315629468019618,0.0017522213852827974,0.015821000899907654,0.0003315629468019618,0.0003315629468019618,0.0017522213852827974,0.0,0.017236420271909435,0.0002901220028930945,0.19909925010480956,0.001496765595280984,0.6965713081840706,0.2984551701704966,0.00031694746857029914,0.004619091844464208,68.23733090211815,1.0236054828531718,93.20584306935369,7.1347986211213135,9.335252503474774,11.694416434706907,0.7517685749660326,12.099232727939244,0.10619600537971534,7.930811105377562,4.2229917890263025,0.015419948383199343,15.911576917859048,15.91157691785905,15.91157691785905,15.91157691785905,15.911576917859048,100.00000000000003,24.296011530252507,0.0020837843320847585,BRAF_V600E,13,Belvarafenib,Cobimetinib,0.0,0.5,24,24
6.693877551020408,0.00031770043931964574,0.0020837843320847672,0.0020837843320847672,0.01881471945840703,0.0,0.0,0.0,0.002993718558503274,0.002993718558503274,0.00033156294680190086,0.0017522213852828661,0.015821000899903764,0.00033156294680190086,0.00033156294680190086,0.0017522213852828661,0.0,0.017236420271904578,0.000290810290497149,0.19909925010480573,0.0014967655952807272,0.6965713081840669,0.298455170170491,0.00031770043931964574,0.004604099174621206,68.23126302347241,1.0236615422429132,93.2109476362697,7.134798621121317,9.335252503474491,11.694416434706888,0.7517685749659181,12.099232727939224,0.10644829477678706,7.927560021665331,4.22290286191897,0.01545653078378511,15.911576917856102,15.91157691785606,15.91157691785606,15.911576917856099,15.911576917856102,99.99999999999999,24.296011530252006,0.0020837843320847672,BRAF_V600E,13,Belvarafenib,Cobimetinib,0.0,0.5,24,24
6.857142857142857,0.0003183284148674701,0.0020837843320853336,0.0020837843320853336,0.018814719458408537,0.0,0.0,0.0,0.0029937185585037205,0.0029937185585037205,0.0003315629468020147,0.0017522213852833198,0.015821000899904816,0.0003315629468020147,0.0003315629468020147,0.0017522213852833198,0.0,0.017236420271905913,0.000291384972878794,0.19909925010480847,0.0014967655952812017,0.6965713081840692,0.298455170170527,0.0003183284148674701,0.004591665019303346,68.22708800123041,1.0237082955481256,93.21520482451419,7.13479862112159,9.335252503474571,11.694416434706902,0.751768574966146,12.099232727939345,0.10665870344467085,7.924855697667106,4.2228416707612,0.015487075080918646,15.911576917857204,15.911576917857195,15.911576917857195,15.911576917857202,15.911576917857204,100.00000000000004,24.296011530254454,0.0020837843320853336,BRAF_V600E,13,Belvarafenib,Cobimetinib,0.0,0.5,24,24
7.020408163265306,0.0003188490848043835,0.0020837843320851363,0.0020837843320851363,0.0188147194584061,0.0,0.0,0.0,0.0029937185585030726,0.0029937185585030726,0.0003315629468019549,0.0017522213852831819,0.01582100089990303,0.0003315629468019549,0.0003315629468019549,0.0017522213852831819,0.0,0.017236420271903828,0.00029186139793431796,0.1990992501048162,0.0014967655952812804,0.6965713081840772,0.2984551701705492,0.0003188490848043835,0.004581359669805828,68.22430956724364,1.0237470598106593,93.21873455919315,7.134798621121495,9.335252503474441,11.69441643470694,0.7517685749661563,12.09923272793942,0.1068331584345416,7.922608815273934,4.222800946605396,0.015512397013388324,15.91157691785582,15.911576917855836,15.911576917855836,15.911576917855825,15.91157691785582,100.00000000000003,24.296011530253473,0.0020837843320851363,BRAF_V600E,13,Belvarafenib,Cobimetinib,0.0,0.5,24,24
7.183673469387754,0.0003192849647508274,0.0020837843320850313,0.0020837843320850313,0.018814719458400617,0.0,0.0,0.0,0.0029937185585016068,0.0029937185585016068,0.00033156294680187196,0.0017522213852831595,0.01582100089989898,0.00033156294680187196,0.00033156294680187196,0.0017522213852831595,0.0,0.0172364202718988,0.0002922597021977809,0.1990992501048119,0.0014967655952809267,0.6965713081840732,0.2984551701705335,0.0003192849647508274,0.004572827702287247,68.22255795626354,1.0237795113606447,93.22168948091443,7.134798621121444,9.33525250347415,11.694416434706918,0.751768574965995,12.099232727939366,0.10697920380082274,7.920744756861692,4.22277527198183,0.015533566835475155,15.911576917852667,15.911576917852654,15.911576917852654,15.911576917852663,15.911576917852667,100.0,24.29601153025245,0.0020837843320850313,BRAF_V600E,13,Belvarafenib,Cobimetinib,0.0,0.5,24,24
7.346938775510203,0.0003196468804657793,0.0020837843320856936,0.0020837843320856936,0.018814719458403375,0.0,0.0,0.0,0.0029937185585024056,0.0029937185585024056,0.00033156294680201676,0.001752221385283677,0.015821000899900996,0.00033156294680201676,0.00033156294680201676,0.001752221385283677,0.0,0.017236420271901257,0.0002925911422161357,0.19909925010481344,0.0014967655952814985,0.6965713081840745,0.29845517017056994,0.0003196468804657793,0.0045657681565434045,68.22154740583386,1.0238064562005322,93.2241429813696,7.134798621121762,9.335252503474297,11.694416434706927,0.7517685749662764,12.099232727939489,0.10710046680816357,7.919199760834477,4.222760459316571,0.01555118283124085,15.91157691785458,15.911576917854546,15.911576917854546,15.911576917854575,15.91157691785458,100.0,24.296011530255463,0.0020837843320856936,BRAF_V600E,13,Belvarafenib,Cobimetinib,0.0,0.5,24,24
7.5102040816326525,0.00031994360265947224,0.002083784332085477,0.002083784332085477,0.0188147194584022,0.0,0.0,0.0,0.0029937185585020873,0.0029937185585020873,0.0003315629468019684,0.0017522213852835082,0.015821000899900125,0.0003315629468019684,0.0003315629468019684,0.0017522213852835082,0.0,0.017236420271900307,0.00029286289395099376,0.19909925010482374,0.0014967655952816724,0.6965713081840843,0.2984551701705981,0.00031994360265947224,0.0045599321053038586,68.2210624046525,1.0238285473276711,93.22615452015462,7.134798621121658,9.335252503474234,11.694416434706978,0.7517685749663249,12.099232727939583,0.1071998861593154,7.917920724296413,4.222753350083142,0.015565626402162924,15.911576917853882,15.911576917853878,15.911576917853878,15.911576917853884,15.911576917853882,99.99999999999999,24.296011530254525,0.002083784332085477,BRAF_V600E,13,Belvarafenib,Cobimetinib,0.0,0.5,24,24
7.673469387755102,0.00032019269872471195,0.0020837843320851723,0.0020837843320851723,0.018814719458395298,0.0,0.0,0.0,0.0029937185585002376,0.0029937185585002376,0.0003315629468018356,0.0017522213852833378,0.01582100089989508,0.0003315629468018356,0.0003315629468018356,0.0017522213852833378,0.0,0.017236420271894013,0.00029309022459068413,0.19909925010481636,0.0014967655952810809,0.6965713081840775,0.29845517017056783,0.00032019269872471195,0.004555111061736338,68.22094248962433,1.0238470926525003,93.22784319090195,7.134798621121512,9.335252503473868,11.694416434706941,0.7517685749660556,12.099232727939482,0.10728334796201422,7.916862902862388,4.222751592339575,0.015577708997404403,15.911576917849887,15.911576917849834,15.911576917849834,15.91157691784988,15.911576917849887,100.00000000000006,24.296011530252596,0.0020837843320851723,BRAF_V600E,13,Belvarafenib,Cobimetinib,0.0,0.5,24,24
7.836734693877551,0.00032039809039250566,0.00208378433208563,0.00208378433208563,0.01881471945839574,0.0,0.0,0.0,0.002993718558500387,0.002993718558500387,0.0003315629468019181,0.0017522213852837116,0.015821000899895365,0.0003315629468019181,0.0003315629468019181,0.0017522213852837116,0.0,0.017236420271894287,0.00029327873231241796,0.19909925010480906,0.001496765595281321,0.6965713081840693,0.29845517017056605,0.00032039809039250566,0.004551131087347578,68.2210696110872,1.023862384155576,93.22923558031354,7.134798621121732,9.33525250347389,11.694416434706904,0.7517685749662036,12.099232727939476,0.10735216622630436,7.9159887827638835,4.2227534557167115,0.01558772815937723,15.911576917850308,15.911576917850299,15.911576917850299,15.911576917850308,15.911576917850308,100.0,24.29601153025445,0.00208378433208563,BRAF_V600E,13,Belvarafenib,Cobimetinib,0.0,0.5,24,24
8.0,0.00032056488454317066,0.00208378433208462,0.00208378433208462,0.018814719458389414,0.0,0.0,0.0,0.0029937185584986347,0.0029937185584986347,0.0003315629468016761,0.0017522213852829442,0.015821000899890778,0.0003315629468016761,0.0003315629468016761,0.0017522213852829442,0.0,0.017236420271888698,0.00029343138437108024,0.19909925010482013,0.0014967655952810909,0.6965713081840813,0.29845517017056644,0.00032056488454317066,0.004547848297640701,68.22135416121586,1.0238748020507455,93.2303663092983,7.134798621121247,9.335252503473555,11.69441643470696,0.7517685749660464,12.099232727939476,0.1074080520568528,7.915267209560909,4.222757626708706,0.015595841597321308,15.911576917846345,15.911576917846396,15.911576917846396,15.911576917846352,15.911576917846345,100.0,24.296011530249768,0.00208378433208462,BRAF_V600E,13,Belvarafenib,Cobimetinib,0.0,0.5,24,24
